case_id,source_options,classification,status,prepared_options,output_file,comparison_file,log_file,compatibility_file,return_code,duration_seconds,objective_value,worst_violation,worst_constraint,detail
global_mission_options/globalmissionoptions_MGALT_DLAbounds,/Users/jacoconradie/Documents/GitHub/Surreal Technologies/evolutionary-mission-trajectory-generator/testatron/tests/global_mission_options/globalmissionoptions_MGALT_DLAbounds.emtgopt,dependency_blocked,unreviewed,/Users/jacoconradie/Documents/GitHub/Surreal Technologies/evolutionary-mission-trajectory-generator/baseline-artifacts/cases/cases/global_mission_options/globalmissionoptions_MGALT_DLAbounds/globalmissionoptions_MGALT_DLAbounds.emtgopt,,,/Users/jacoconradie/Documents/GitHub/Surreal Technologies/evolutionary-mission-trajectory-generator/baseline-artifacts/cases/cases/global_mission_options/globalmissionoptions_MGALT_DLAbounds/run.log,/Users/jacoconradie/Documents/GitHub/Surreal Technologies/evolutionary-mission-trajectory-generator/baseline-artifacts/cases/cases/global_mission_options/globalmissionoptions_MGALT_DLAbounds/compatibility.json,,0.004712084017228335,,,,Unable to execute EMTG: [Errno 2] No such file or directory: '/path/to/IPOPT-enabled-EMTGv9'
global_mission_options/globalmissionoptions_MGALT_RLAbounds,/Users/jacoconradie/Documents/GitHub/Surreal Technologies/evolutionary-mission-trajectory-generator/testatron/tests/global_mission_options/globalmissionoptions_MGALT_RLAbounds.emtgopt,dependency_blocked,unreviewed,/Users/jacoconradie/Documents/GitHub/Surreal Technologies/evolutionary-mission-trajectory-generator/baseline-artifacts/cases/cases/global_mission_options/globalmissionoptions_MGALT_RLAbounds/globalmissionoptions_MGALT_RLAbounds.emtgopt,,,/Users/jacoconradie/Documents/GitHub/Surreal Technologies/evolutionary-mission-trajectory-generator/baseline-artifacts/cases/cases/global_mission_options/globalmissionoptions_MGALT_RLAbounds/run.log,/Users/jacoconradie/Documents/GitHub/Surreal Technologies/evolutionary-mission-trajectory-generator/baseline-artifacts/cases/cases/global_mission_options/globalmissionoptions_MGALT_RLAbounds/compatibility.json,,0.0013202499831095338,,,,Unable to execute EMTG: [Errno 2] No such file or directory: '/path/to/IPOPT-enabled-EMTGv9'
global_mission_options/globalmissionoptions_MGALT_constrDryMass,/Users/jacoconradie/Documents/GitHub/Surreal Technologies/evolutionary-mission-trajectory-generator/testatron/tests/global_mission_options/globalmissionoptions_MGALT_constrDryMass.emtgopt,dependency_blocked,unreviewed,/Users/jacoconradie/Documents/GitHub/Surreal Technologies/evolutionary-mission-trajectory-generator/baseline-artifacts/cases/cases/global_mission_options/globalmissionoptions_MGALT_constrDryMass/globalmissionoptions_MGALT_constrDryMass.emtgopt,,,/Users/jacoconradie/Documents/GitHub/Surreal Technologies/evolutionary-mission-trajectory-generator/baseline-artifacts/cases/cases/global_mission_options/globalmissionoptions_MGALT_constrDryMass/run.log,/Users/jacoconradie/Documents/GitHub/Surreal Technologies/evolutionary-mission-trajectory-generator/baseline-artifacts/cases/cases/global_mission_options/globalmissionoptions_MGALT_constrDryMass/compatibility.json,,0.0012536659778561443,,,,Unable to execute EMTG: [Errno 2] No such file or directory: '/path/to/IPOPT-enabled-EMTGv9'
global_mission_options/globalmissionoptions_MGALT_constrFinalMass,/Users/jacoconradie/Documents/GitHub/Surreal Technologies/evolutionary-mission-trajectory-generator/testatron/tests/global_mission_options/globalmissionoptions_MGALT_constrFinalMass.emtgopt,dependency_blocked,unreviewed,/Users/jacoconradie/Documents/GitHub/Surreal Technologies/evolutionary-mission-trajectory-generator/baseline-artifacts/cases/cases/global_mission_options/globalmissionoptions_MGALT_constrFinalMass/globalmissionoptions_MGALT_constrFinalMass.emtgopt,,,/Users/jacoconradie/Documents/GitHub/Surreal Technologies/evolutionary-mission-trajectory-generator/baseline-artifacts/cases/cases/global_mission_options/globalmissionoptions_MGALT_constrFinalMass/run.log,/Users/jacoconradie/Documents/GitHub/Surreal Technologies/evolutionary-mission-trajectory-generator/baseline-artifacts/cases/cases/global_mission_options/globalmissionoptions_MGALT_constrFinalMass/compatibility.json,,0.0021562909823842347,,,,Unable to execute EMTG: [Errno 2] No such file or directory: '/path/to/IPOPT-enabled-EMTGv9'
global_mission_options/globalmissionoptions_MGALT_includeInitialImpulse,/Users/jacoconradie/Documents/GitHub/Surreal Technologies/evolutionary-mission-trajectory-generator/testatron/tests/global_mission_options/globalmissionoptions_MGALT_includeInitialImpulse.emtgopt,dependency_blocked,unreviewed,/Users/jacoconradie/Documents/GitHub/Surreal Technologies/evolutionary-mission-trajectory-generator/baseline-artifacts/cases/cases/global_mission_options/globalmissionoptions_MGALT_includeInitialImpulse/globalmissionoptions_MGALT_includeInitialImpulse.emtgopt,,,/Users/jacoconradie/Documents/GitHub/Surreal Technologies/evolutionary-mission-trajectory-generator/baseline-artifacts/cases/cases/global_mission_options/globalmissionoptions_MGALT_includeInitialImpulse/run.log,/Users/jacoconradie/Documents/GitHub/Surreal Technologies/evolutionary-mission-trajectory-generator/baseline-artifacts/cases/cases/global_mission_options/globalmissionoptions_MGALT_includeInitialImpulse/compatibility.json,,0.0030242079810705036,,,,Unable to execute EMTG: [Errno 2] No such file or directory: '/path/to/IPOPT-enabled-EMTGv9'
global_mission_options/globalmissionoptions_MGALT_numtimesteps,/Users/jacoconradie/Documents/GitHub/Surreal Technologies/evolutionary-mission-trajectory-generator/testatron/tests/global_mission_options/globalmissionoptions_MGALT_numtimesteps.emtgopt,dependency_blocked,unreviewed,/Users/jacoconradie/Documents/GitHub/Surreal Technologies/evolutionary-mission-trajectory-generator/baseline-artifacts/cases/cases/global_mission_options/globalmissionoptions_MGALT_numtimesteps/globalmissionoptions_MGALT_numtimesteps.emtgopt,,,/Users/jacoconradie/Documents/GitHub/Surreal Technologies/evolutionary-mission-trajectory-generator/baseline-artifacts/cases/cases/global_mission_options/globalmissionoptions_MGALT_numtimesteps/run.log,/Users/jacoconradie/Documents/GitHub/Surreal Technologies/evolutionary-mission-trajectory-generator/baseline-artifacts/cases/cases/global_mission_options/globalmissionoptions_MGALT_numtimesteps/compatibility.json,,0.0015064579783938825,,,,Unable to execute EMTG: [Errno 2] No such file or directory: '/path/to/IPOPT-enabled-EMTGv9'
global_mission_options/globalmissionoptions_MGALT_obj0,/Users/jacoconradie/Documents/GitHub/Surreal Technologies/evolutionary-mission-trajectory-generator/testatron/tests/global_mission_options/globalmissionoptions_MGALT_obj0.emtgopt,dependency_blocked,unreviewed,/Users/jacoconradie/Documents/GitHub/Surreal Technologies/evolutionary-mission-trajectory-generator/baseline-artifacts/cases/cases/global_mission_options/globalmissionoptions_MGALT_obj0/globalmissionoptions_MGALT_obj0.emtgopt,,,/Users/jacoconradie/Documents/GitHub/Surreal Technologies/evolutionary-mission-trajectory-generator/baseline-artifacts/cases/cases/global_mission_options/globalmissionoptions_MGALT_obj0/run.log,/Users/jacoconradie/Documents/GitHub/Surreal Technologies/evolutionary-mission-trajectory-generator/baseline-artifacts/cases/cases/global_mission_options/globalmissionoptions_MGALT_obj0/compatibility.json,,0.0024144590133801103,,,,Unable to execute EMTG: [Errno 2] No such file or directory: '/path/to/IPOPT-enabled-EMTGv9'
global_mission_options/globalmissionoptions_MGALT_obj1,/Users/jacoconradie/Documents/GitHub/Surreal Technologies/evolutionary-mission-trajectory-generator/testatron/tests/global_mission_options/globalmissionoptions_MGALT_obj1.emtgopt,dependency_blocked,unreviewed,/Users/jacoconradie/Documents/GitHub/Surreal Technologies/evolutionary-mission-trajectory-generator/baseline-artifacts/cases/cases/global_mission_options/globalmissionoptions_MGALT_obj1/globalmissionoptions_MGALT_obj1.emtgopt,,,/Users/jacoconradie/Documents/GitHub/Surreal Technologies/evolutionary-mission-trajectory-generator/baseline-artifacts/cases/cases/global_mission_options/globalmissionoptions_MGALT_obj1/run.log,/Users/jacoconradie/Documents/GitHub/Surreal Technologies/evolutionary-mission-trajectory-generator/baseline-artifacts/cases/cases/global_mission_options/globalmissionoptions_MGALT_obj1/compatibility.json,,0.002507291006622836,,,,Unable to execute EMTG: [Errno 2] No such file or directory: '/path/to/IPOPT-enabled-EMTGv9'
global_mission_options/globalmissionoptions_MGALT_obj14,/Users/jacoconradie/Documents/GitHub/Surreal Technologies/evolutionary-mission-trajectory-generator/testatron/tests/global_mission_options/globalmissionoptions_MGALT_obj14.emtgopt,dependency_blocked,unreviewed,/Users/jacoconradie/Documents/GitHub/Surreal Technologies/evolutionary-mission-trajectory-generator/baseline-artifacts/cases/cases/global_mission_options/globalmissionoptions_MGALT_obj14/globalmissionoptions_MGALT_obj14.emtgopt,,,/Users/jacoconradie/Documents/GitHub/Surreal Technologies/evolutionary-mission-trajectory-generator/baseline-artifacts/cases/cases/global_mission_options/globalmissionoptions_MGALT_obj14/run.log,/Users/jacoconradie/Documents/GitHub/Surreal Technologies/evolutionary-mission-trajectory-generator/baseline-artifacts/cases/cases/global_mission_options/globalmissionoptions_MGALT_obj14/compatibility.json,,0.0023527909943368286,,,,Unable to execute EMTG: [Errno 2] No such file or directory: '/path/to/IPOPT-enabled-EMTGv9'
global_mission_options/globalmissionoptions_MGALT_obj15,/Users/jacoconradie/Documents/GitHub/Surreal Technologies/evolutionary-mission-trajectory-generator/testatron/tests/global_mission_options/globalmissionoptions_MGALT_obj15.emtgopt,dependency_blocked,unreviewed,/Users/jacoconradie/Documents/GitHub/Surreal Technologies/evolutionary-mission-trajectory-generator/baseline-artifacts/cases/cases/global_mission_options/globalmissionoptions_MGALT_obj15/globalmissionoptions_MGALT_obj15.emtgopt,,,/Users/jacoconradie/Documents/GitHub/Surreal Technologies/evolutionary-mission-trajectory-generator/baseline-artifacts/cases/cases/global_mission_options/globalmissionoptions_MGALT_obj15/run.log,/Users/jacoconradie/Documents/GitHub/Surreal Technologies/evolutionary-mission-trajectory-generator/baseline-artifacts/cases/cases/global_mission_options/globalmissionoptions_MGALT_obj15/compatibility.json,,0.001664375013206154,,,,Unable to execute EMTG: [Errno 2] No such file or directory: '/path/to/IPOPT-enabled-EMTGv9'
global_mission_options/globalmissionoptions_MGALT_obj17,/Users/jacoconradie/Documents/GitHub/Surreal Technologies/evolutionary-mission-trajectory-generator/testatron/tests/global_mission_options/globalmissionoptions_MGALT_obj17.emtgopt,dependency_blocked,unreviewed,/Users/jacoconradie/Documents/GitHub/Surreal Technologies/evolutionary-mission-trajectory-generator/baseline-artifacts/cases/cases/global_mission_options/globalmissionoptions_MGALT_obj17/globalmissionoptions_MGALT_obj17.emtgopt,,,/Users/jacoconradie/Documents/GitHub/Surreal Technologies/evolutionary-mission-trajectory-generator/baseline-artifacts/cases/cases/global_mission_options/globalmissionoptions_MGALT_obj17/run.log,/Users/jacoconradie/Documents/GitHub/Surreal Technologies/evolutionary-mission-trajectory-generator/baseline-artifacts/cases/cases/global_mission_options/globalmissionoptions_MGALT_obj17/compatibility.json,,0.00862750000669621,,,,Unable to execute EMTG: [Errno 2] No such file or directory: '/path/to/IPOPT-enabled-EMTGv9'
global_mission_options/globalmissionoptions_MGALT_obj18,/Users/jacoconradie/Documents/GitHub/Surreal Technologies/evolutionary-mission-trajectory-generator/testatron/tests/global_mission_options/globalmissionoptions_MGALT_obj18.emtgopt,dependency_blocked,unreviewed,/Users/jacoconradie/Documents/GitHub/Surreal Technologies/evolutionary-mission-trajectory-generator/baseline-artifacts/cases/cases/global_mission_options/globalmissionoptions_MGALT_obj18/globalmissionoptions_MGALT_obj18.emtgopt,,,/Users/jacoconradie/Documents/GitHub/Surreal Technologies/evolutionary-mission-trajectory-generator/baseline-artifacts/cases/cases/global_mission_options/globalmissionoptions_MGALT_obj18/run.log,/Users/jacoconradie/Documents/GitHub/Surreal Technologies/evolutionary-mission-trajectory-generator/baseline-artifacts/cases/cases/global_mission_options/globalmissionoptions_MGALT_obj18/compatibility.json,,0.003451041004154831,,,,Unable to execute EMTG: [Errno 2] No such file or directory: '/path/to/IPOPT-enabled-EMTGv9'
global_mission_options/globalmissionoptions_MGALT_obj19,/Users/jacoconradie/Documents/GitHub/Surreal Technologies/evolutionary-mission-trajectory-generator/testatron/tests/global_mission_options/globalmissionoptions_MGALT_obj19.emtgopt,dependency_blocked,unreviewed,/Users/jacoconradie/Documents/GitHub/Surreal Technologies/evolutionary-mission-trajectory-generator/baseline-artifacts/cases/cases/global_mission_options/globalmissionoptions_MGALT_obj19/globalmissionoptions_MGALT_obj19.emtgopt,,,/Users/jacoconradie/Documents/GitHub/Surreal Technologies/evolutionary-mission-trajectory-generator/baseline-artifacts/cases/cases/global_mission_options/globalmissionoptions_MGALT_obj19/run.log,/Users/jacoconradie/Documents/GitHub/Surreal Technologies/evolutionary-mission-trajectory-generator/baseline-artifacts/cases/cases/global_mission_options/globalmissionoptions_MGALT_obj19/compatibility.json,,0.0020416250044945627,,,,Unable to execute EMTG: [Errno 2] No such file or directory: '/path/to/IPOPT-enabled-EMTGv9'
global_mission_options/globalmissionoptions_MGALT_obj20,/Users/jacoconradie/Documents/GitHub/Surreal Technologies/evolutionary-mission-trajectory-generator/testatron/tests/global_mission_options/globalmissionoptions_MGALT_obj20.emtgopt,dependency_blocked,unreviewed,/Users/jacoconradie/Documents/GitHub/Surreal Technologies/evolutionary-mission-trajectory-generator/baseline-artifacts/cases/cases/global_mission_options/globalmissionoptions_MGALT_obj20/globalmissionoptions_MGALT_obj20.emtgopt,,,/Users/jacoconradie/Documents/GitHub/Surreal Technologies/evolutionary-mission-trajectory-generator/baseline-artifacts/cases/cases/global_mission_options/globalmissionoptions_MGALT_obj20/run.log,/Users/jacoconradie/Documents/GitHub/Surreal Technologies/evolutionary-mission-trajectory-generator/baseline-artifacts/cases/cases/global_mission_options/globalmissionoptions_MGALT_obj20/compatibility.json,,0.004169417021330446,,,,Unable to execute EMTG: [Errno 2] No such file or directory: '/path/to/IPOPT-enabled-EMTGv9'
global_mission_options/globalmissionoptions_MGALT_obj22,/Users/jacoconradie/Documents/GitHub/Surreal Technologies/evolutionary-mission-trajectory-generator/testatron/tests/global_mission_options/globalmissionoptions_MGALT_obj22.emtgopt,dependency_blocked,unreviewed,/Users/jacoconradie/Documents/GitHub/Surreal Technologies/evolutionary-mission-trajectory-generator/baseline-artifacts/cases/cases/global_mission_options/globalmissionoptions_MGALT_obj22/globalmissionoptions_MGALT_obj22.emtgopt,,,/Users/jacoconradie/Documents/GitHub/Surreal Technologies/evolutionary-mission-trajectory-generator/baseline-artifacts/cases/cases/global_mission_options/globalmissionoptions_MGALT_obj22/run.log,/Users/jacoconradie/Documents/GitHub/Surreal Technologies/evolutionary-mission-trajectory-generator/baseline-artifacts/cases/cases/global_mission_options/globalmissionoptions_MGALT_obj22/compatibility.json,,0.0016218749806284904,,,,Unable to execute EMTG: [Errno 2] No such file or directory: '/path/to/IPOPT-enabled-EMTGv9'
global_mission_options/globalmissionoptions_MGALT_obj23,/Users/jacoconradie/Documents/GitHub/Surreal Technologies/evolutionary-mission-trajectory-generator/testatron/tests/global_mission_options/globalmissionoptions_MGALT_obj23.emtgopt,dependency_blocked,unreviewed,/Users/jacoconradie/Documents/GitHub/Surreal Technologies/evolutionary-mission-trajectory-generator/baseline-artifacts/cases/cases/global_mission_options/globalmissionoptions_MGALT_obj23/globalmissionoptions_MGALT_obj23.emtgopt,,,/Users/jacoconradie/Documents/GitHub/Surreal Technologies/evolutionary-mission-trajectory-generator/baseline-artifacts/cases/cases/global_mission_options/globalmissionoptions_MGALT_obj23/run.log,/Users/jacoconradie/Documents/GitHub/Surreal Technologies/evolutionary-mission-trajectory-generator/baseline-artifacts/cases/cases/global_mission_options/globalmissionoptions_MGALT_obj23/compatibility.json,,0.00789866698323749,,,,Unable to execute EMTG: [Errno 2] No such file or directory: '/path/to/IPOPT-enabled-EMTGv9'
global_mission_options/globalmissionoptions_MGALT_obj3,/Users/jacoconradie/Documents/GitHub/Surreal Technologies/evolutionary-mission-trajectory-generator/testatron/tests/global_mission_options/globalmissionoptions_MGALT_obj3.emtgopt,dependency_blocked,unreviewed,/Users/jacoconradie/Documents/GitHub/Surreal Technologies/evolutionary-mission-trajectory-generator/baseline-artifacts/cases/cases/global_mission_options/globalmissionoptions_MGALT_obj3/globalmissionoptions_MGALT_obj3.emtgopt,,,/Users/jacoconradie/Documents/GitHub/Surreal Technologies/evolutionary-mission-trajectory-generator/baseline-artifacts/cases/cases/global_mission_options/globalmissionoptions_MGALT_obj3/run.log,/Users/jacoconradie/Documents/GitHub/Surreal Technologies/evolutionary-mission-trajectory-generator/baseline-artifacts/cases/cases/global_mission_options/globalmissionoptions_MGALT_obj3/compatibility.json,,0.0038007500115782022,,,,Unable to execute EMTG: [Errno 2] No such file or directory: '/path/to/IPOPT-enabled-EMTGv9'
global_mission_options/globalmissionoptions_MGALT_obj4,/Users/jacoconradie/Documents/GitHub/Surreal Technologies/evolutionary-mission-trajectory-generator/testatron/tests/global_mission_options/globalmissionoptions_MGALT_obj4.emtgopt,dependency_blocked,unreviewed,/Users/jacoconradie/Documents/GitHub/Surreal Technologies/evolutionary-mission-trajectory-generator/baseline-artifacts/cases/cases/global_mission_options/globalmissionoptions_MGALT_obj4/globalmissionoptions_MGALT_obj4.emtgopt,,,/Users/jacoconradie/Documents/GitHub/Surreal Technologies/evolutionary-mission-trajectory-generator/baseline-artifacts/cases/cases/global_mission_options/globalmissionoptions_MGALT_obj4/run.log,/Users/jacoconradie/Documents/GitHub/Surreal Technologies/evolutionary-mission-trajectory-generator/baseline-artifacts/cases/cases/global_mission_options/globalmissionoptions_MGALT_obj4/compatibility.json,,0.0016723340086173266,,,,Unable to execute EMTG: [Errno 2] No such file or directory: '/path/to/IPOPT-enabled-EMTGv9'
global_mission_options/globalmissionoptions_MGALT_obj5,/Users/jacoconradie/Documents/GitHub/Surreal Technologies/evolutionary-mission-trajectory-generator/testatron/tests/global_mission_options/globalmissionoptions_MGALT_obj5.emtgopt,dependency_blocked,unreviewed,/Users/jacoconradie/Documents/GitHub/Surreal Technologies/evolutionary-mission-trajectory-generator/baseline-artifacts/cases/cases/global_mission_options/globalmissionoptions_MGALT_obj5/globalmissionoptions_MGALT_obj5.emtgopt,,,/Users/jacoconradie/Documents/GitHub/Surreal Technologies/evolutionary-mission-trajectory-generator/baseline-artifacts/cases/cases/global_mission_options/globalmissionoptions_MGALT_obj5/run.log,/Users/jacoconradie/Documents/GitHub/Surreal Technologies/evolutionary-mission-trajectory-generator/baseline-artifacts/cases/cases/global_mission_options/globalmissionoptions_MGALT_obj5/compatibility.json,,0.0015319169906433672,,,,Unable to execute EMTG: [Errno 2] No such file or directory: '/path/to/IPOPT-enabled-EMTGv9'
global_mission_options/globalmissionoptions_MGALT_obj8,/Users/jacoconradie/Documents/GitHub/Surreal Technologies/evolutionary-mission-trajectory-generator/testatron/tests/global_mission_options/globalmissionoptions_MGALT_obj8.emtgopt,dependency_blocked,unreviewed,/Users/jacoconradie/Documents/GitHub/Surreal Technologies/evolutionary-mission-trajectory-generator/baseline-artifacts/cases/cases/global_mission_options/globalmissionoptions_MGALT_obj8/globalmissionoptions_MGALT_obj8.emtgopt,,,/Users/jacoconradie/Documents/GitHub/Surreal Technologies/evolutionary-mission-trajectory-generator/baseline-artifacts/cases/cases/global_mission_options/globalmissionoptions_MGALT_obj8/run.log,/Users/jacoconradie/Documents/GitHub/Surreal Technologies/evolutionary-mission-trajectory-generator/baseline-artifacts/cases/cases/global_mission_options/globalmissionoptions_MGALT_obj8/compatibility.json,,0.01678183299372904,,,,Unable to execute EMTG: [Errno 2] No such file or directory: '/path/to/IPOPT-enabled-EMTGv9'
global_mission_options/globalmissionoptions_MGALT_obj9,/Users/jacoconradie/Documents/GitHub/Surreal Technologies/evolutionary-mission-trajectory-generator/testatron/tests/global_mission_options/globalmissionoptions_MGALT_obj9.emtgopt,dependency_blocked,unreviewed,/Users/jacoconradie/Documents/GitHub/Surreal Technologies/evolutionary-mission-trajectory-generator/baseline-artifacts/cases/cases/global_mission_options/globalmissionoptions_MGALT_obj9/globalmissionoptions_MGALT_obj9.emtgopt,,,/Users/jacoconradie/Documents/GitHub/Surreal Technologies/evolutionary-mission-trajectory-generator/baseline-artifacts/cases/cases/global_mission_options/globalmissionoptions_MGALT_obj9/run.log,/Users/jacoconradie/Documents/GitHub/Surreal Technologies/evolutionary-mission-trajectory-generator/baseline-artifacts/cases/cases/global_mission_options/globalmissionoptions_MGALT_obj9/compatibility.json,,0.024735750019317493,,,,Unable to execute EMTG: [Errno 2] No such file or directory: '/path/to/IPOPT-enabled-EMTGv9'
global_mission_options/globalmissionoptions_MGALT_postFlybyCoast,/Users/jacoconradie/Documents/GitHub/Surreal Technologies/evolutionary-mission-trajectory-generator/testatron/tests/global_mission_options/globalmissionoptions_MGALT_postFlybyCoast.emtgopt,dependency_blocked,unreviewed,/Users/jacoconradie/Documents/GitHub/Surreal Technologies/evolutionary-mission-trajectory-generator/baseline-artifacts/cases/cases/global_mission_options/globalmissionoptions_MGALT_postFlybyCoast/globalmissionoptions_MGALT_postFlybyCoast.emtgopt,,,/Users/jacoconradie/Documents/GitHub/Surreal Technologies/evolutionary-mission-trajectory-generator/baseline-artifacts/cases/cases/global_mission_options/globalmissionoptions_MGALT_postFlybyCoast/run.log,/Users/jacoconradie/Documents/GitHub/Surreal Technologies/evolutionary-mission-trajectory-generator/baseline-artifacts/cases/cases/global_mission_options/globalmissionoptions_MGALT_postFlybyCoast/compatibility.json,,0.04518116600229405,,,,Unable to execute EMTG: [Errno 2] No such file or directory: '/path/to/IPOPT-enabled-EMTGv9'
global_mission_options/globalmissionoptions_MGALT_postLaunchTCM,/Users/jacoconradie/Documents/GitHub/Surreal Technologies/evolutionary-mission-trajectory-generator/testatron/tests/global_mission_options/globalmissionoptions_MGALT_postLaunchTCM.emtgopt,dependency_blocked,unreviewed,/Users/jacoconradie/Documents/GitHub/Surreal Technologies/evolutionary-mission-trajectory-generator/baseline-artifacts/cases/cases/global_mission_options/globalmissionoptions_MGALT_postLaunchTCM/globalmissionoptions_MGALT_postLaunchTCM.emtgopt,,,/Users/jacoconradie/Documents/GitHub/Surreal Technologies/evolutionary-mission-trajectory-generator/baseline-artifacts/cases/cases/global_mission_options/globalmissionoptions_MGALT_postLaunchTCM/run.log,/Users/jacoconradie/Documents/GitHub/Surreal Technologies/evolutionary-mission-trajectory-generator/baseline-artifacts/cases/cases/global_mission_options/globalmissionoptions_MGALT_postLaunchTCM/compatibility.json,,0.003978833992732689,,,,Unable to execute EMTG: [Errno 2] No such file or directory: '/path/to/IPOPT-enabled-EMTGv9'
global_mission_options/globalmissionoptions_MGALT_postlaunchCoast,/Users/jacoconradie/Documents/GitHub/Surreal Technologies/evolutionary-mission-trajectory-generator/testatron/tests/global_mission_options/globalmissionoptions_MGALT_postlaunchCoast.emtgopt,dependency_blocked,unreviewed,/Users/jacoconradie/Documents/GitHub/Surreal Technologies/evolutionary-mission-trajectory-generator/baseline-artifacts/cases/cases/global_mission_options/globalmissionoptions_MGALT_postlaunchCoast/globalmissionoptions_MGALT_postlaunchCoast.emtgopt,,,/Users/jacoconradie/Documents/GitHub/Surreal Technologies/evolutionary-mission-trajectory-generator/baseline-artifacts/cases/cases/global_mission_options/globalmissionoptions_MGALT_postlaunchCoast/run.log,/Users/jacoconradie/Documents/GitHub/Surreal Technologies/evolutionary-mission-trajectory-generator/baseline-artifacts/cases/cases/global_mission_options/globalmissionoptions_MGALT_postlaunchCoast/compatibility.json,,0.003499417012790218,,,,Unable to execute EMTG: [Errno 2] No such file or directory: '/path/to/IPOPT-enabled-EMTGv9'
global_mission_options/globalmissionoptions_MGALT_preFlybyCoast,/Users/jacoconradie/Documents/GitHub/Surreal Technologies/evolutionary-mission-trajectory-generator/testatron/tests/global_mission_options/globalmissionoptions_MGALT_preFlybyCoast.emtgopt,dependency_blocked,unreviewed,/Users/jacoconradie/Documents/GitHub/Surreal Technologies/evolutionary-mission-trajectory-generator/baseline-artifacts/cases/cases/global_mission_options/globalmissionoptions_MGALT_preFlybyCoast/globalmissionoptions_MGALT_preFlybyCoast.emtgopt,,,/Users/jacoconradie/Documents/GitHub/Surreal Technologies/evolutionary-mission-trajectory-generator/baseline-artifacts/cases/cases/global_mission_options/globalmissionoptions_MGALT_preFlybyCoast/run.log,/Users/jacoconradie/Documents/GitHub/Surreal Technologies/evolutionary-mission-trajectory-generator/baseline-artifacts/cases/cases/global_mission_options/globalmissionoptions_MGALT_preFlybyCoast/compatibility.json,,0.0020655829866882414,,,,Unable to execute EMTG: [Errno 2] No such file or directory: '/path/to/IPOPT-enabled-EMTGv9'
global_mission_options/globalmissionoptions_MGALT_preFlybyTCM,/Users/jacoconradie/Documents/GitHub/Surreal Technologies/evolutionary-mission-trajectory-generator/testatron/tests/global_mission_options/globalmissionoptions_MGALT_preFlybyTCM.emtgopt,dependency_blocked,unreviewed,/Users/jacoconradie/Documents/GitHub/Surreal Technologies/evolutionary-mission-trajectory-generator/baseline-artifacts/cases/cases/global_mission_options/globalmissionoptions_MGALT_preFlybyTCM/globalmissionoptions_MGALT_preFlybyTCM.emtgopt,,,/Users/jacoconradie/Documents/GitHub/Surreal Technologies/evolutionary-mission-trajectory-generator/baseline-artifacts/cases/cases/global_mission_options/globalmissionoptions_MGALT_preFlybyTCM/run.log,/Users/jacoconradie/Documents/GitHub/Surreal Technologies/evolutionary-mission-trajectory-generator/baseline-artifacts/cases/cases/global_mission_options/globalmissionoptions_MGALT_preFlybyTCM/compatibility.json,,0.021790833998238668,,,,Unable to execute EMTG: [Errno 2] No such file or directory: '/path/to/IPOPT-enabled-EMTGv9'
global_mission_options/globalmissionoptions_MGALT_timeboundsOFF,/Users/jacoconradie/Documents/GitHub/Surreal Technologies/evolutionary-mission-trajectory-generator/testatron/tests/global_mission_options/globalmissionoptions_MGALT_timeboundsOFF.emtgopt,dependency_blocked,unreviewed,/Users/jacoconradie/Documents/GitHub/Surreal Technologies/evolutionary-mission-trajectory-generator/baseline-artifacts/cases/cases/global_mission_options/globalmissionoptions_MGALT_timeboundsOFF/globalmissionoptions_MGALT_timeboundsOFF.emtgopt,,,/Users/jacoconradie/Documents/GitHub/Surreal Technologies/evolutionary-mission-trajectory-generator/baseline-artifacts/cases/cases/global_mission_options/globalmissionoptions_MGALT_timeboundsOFF/run.log,/Users/jacoconradie/Documents/GitHub/Surreal Technologies/evolutionary-mission-trajectory-generator/baseline-artifacts/cases/cases/global_mission_options/globalmissionoptions_MGALT_timeboundsOFF/compatibility.json,,0.0015028339985292405,,,,Unable to execute EMTG: [Errno 2] No such file or directory: '/path/to/IPOPT-enabled-EMTGv9'
global_mission_options/globalmissionoptions_MGAnDSMs_obj0,/Users/jacoconradie/Documents/GitHub/Surreal Technologies/evolutionary-mission-trajectory-generator/testatron/tests/global_mission_options/globalmissionoptions_MGAnDSMs_obj0.emtgopt,dependency_blocked,unreviewed,/Users/jacoconradie/Documents/GitHub/Surreal Technologies/evolutionary-mission-trajectory-generator/baseline-artifacts/cases/cases/global_mission_options/globalmissionoptions_MGAnDSMs_obj0/globalmissionoptions_MGAnDSMs_obj0.emtgopt,,,/Users/jacoconradie/Documents/GitHub/Surreal Technologies/evolutionary-mission-trajectory-generator/baseline-artifacts/cases/cases/global_mission_options/globalmissionoptions_MGAnDSMs_obj0/run.log,/Users/jacoconradie/Documents/GitHub/Surreal Technologies/evolutionary-mission-trajectory-generator/baseline-artifacts/cases/cases/global_mission_options/globalmissionoptions_MGAnDSMs_obj0/compatibility.json,,0.0023865409893915057,,,,Unable to execute EMTG: [Errno 2] No such file or directory: '/path/to/IPOPT-enabled-EMTGv9'
journey_options/AerodynamicDrag_EarthOrbit_Maneuver,/Users/jacoconradie/Documents/GitHub/Surreal Technologies/evolutionary-mission-trajectory-generator/testatron/tests/journey_options/AerodynamicDrag_EarthOrbit_Maneuver.emtgopt,dependency_blocked,unreviewed,/Users/jacoconradie/Documents/GitHub/Surreal Technologies/evolutionary-mission-trajectory-generator/baseline-artifacts/cases/cases/journey_options/AerodynamicDrag_EarthOrbit_Maneuver/AerodynamicDrag_EarthOrbit_Maneuver.emtgopt,,,/Users/jacoconradie/Documents/GitHub/Surreal Technologies/evolutionary-mission-trajectory-generator/baseline-artifacts/cases/cases/journey_options/AerodynamicDrag_EarthOrbit_Maneuver/run.log,/Users/jacoconradie/Documents/GitHub/Surreal Technologies/evolutionary-mission-trajectory-generator/baseline-artifacts/cases/cases/journey_options/AerodynamicDrag_EarthOrbit_Maneuver/compatibility.json,,0.0013485830277204514,,,,Unable to execute EMTG: [Errno 2] No such file or directory: '/path/to/IPOPT-enabled-EMTGv9'
journey_options/EME_stageAfterArrival,/Users/jacoconradie/Documents/GitHub/Surreal Technologies/evolutionary-mission-trajectory-generator/testatron/tests/journey_options/EME_stageAfterArrival.emtgopt,dependency_blocked,unreviewed,/Users/jacoconradie/Documents/GitHub/Surreal Technologies/evolutionary-mission-trajectory-generator/baseline-artifacts/cases/cases/journey_options/EME_stageAfterArrival/EME_stageAfterArrival.emtgopt,,,/Users/jacoconradie/Documents/GitHub/Surreal Technologies/evolutionary-mission-trajectory-generator/baseline-artifacts/cases/cases/journey_options/EME_stageAfterArrival/run.log,/Users/jacoconradie/Documents/GitHub/Surreal Technologies/evolutionary-mission-trajectory-generator/baseline-artifacts/cases/cases/journey_options/EME_stageAfterArrival/compatibility.json,,0.0017161249998025596,,,,Unable to execute EMTG: [Errno 2] No such file or directory: '/path/to/IPOPT-enabled-EMTGv9'
journey_options/EME_stageBeforeArrival,/Users/jacoconradie/Documents/GitHub/Surreal Technologies/evolutionary-mission-trajectory-generator/testatron/tests/journey_options/EME_stageBeforeArrival.emtgopt,dependency_blocked,unreviewed,/Users/jacoconradie/Documents/GitHub/Surreal Technologies/evolutionary-mission-trajectory-generator/baseline-artifacts/cases/cases/journey_options/EME_stageBeforeArrival/EME_stageBeforeArrival.emtgopt,,,/Users/jacoconradie/Documents/GitHub/Surreal Technologies/evolutionary-mission-trajectory-generator/baseline-artifacts/cases/cases/journey_options/EME_stageBeforeArrival/run.log,/Users/jacoconradie/Documents/GitHub/Surreal Technologies/evolutionary-mission-trajectory-generator/baseline-artifacts/cases/cases/journey_options/EME_stageBeforeArrival/compatibility.json,,0.0032845840032678097,,,,Unable to execute EMTG: [Errno 2] No such file or directory: '/path/to/IPOPT-enabled-EMTGv9'
journey_options/EarthMarsVenus_FlybyDeparture,/Users/jacoconradie/Documents/GitHub/Surreal Technologies/evolutionary-mission-trajectory-generator/testatron/tests/journey_options/EarthMarsVenus_FlybyDeparture.emtgopt,dependency_blocked,unreviewed,/Users/jacoconradie/Documents/GitHub/Surreal Technologies/evolutionary-mission-trajectory-generator/baseline-artifacts/cases/cases/journey_options/EarthMarsVenus_FlybyDeparture/EarthMarsVenus_FlybyDeparture.emtgopt,,,/Users/jacoconradie/Documents/GitHub/Surreal Technologies/evolutionary-mission-trajectory-generator/baseline-artifacts/cases/cases/journey_options/EarthMarsVenus_FlybyDeparture/run.log,/Users/jacoconradie/Documents/GitHub/Surreal Technologies/evolutionary-mission-trajectory-generator/baseline-artifacts/cases/cases/journey_options/EarthMarsVenus_FlybyDeparture/compatibility.json,,0.0017402920057065785,,,,Unable to execute EMTG: [Errno 2] No such file or directory: '/path/to/IPOPT-enabled-EMTGv9'
journey_options/EarthMars_Depart2-2_Arrive2-2,/Users/jacoconradie/Documents/GitHub/Surreal Technologies/evolutionary-mission-trajectory-generator/testatron/tests/journey_options/EarthMars_Depart2-2_Arrive2-2.emtgopt,dependency_blocked,unreviewed,/Users/jacoconradie/Documents/GitHub/Surreal Technologies/evolutionary-mission-trajectory-generator/baseline-artifacts/cases/cases/journey_options/EarthMars_Depart2-2_Arrive2-2/EarthMars_Depart2-2_Arrive2-2.emtgopt,,,/Users/jacoconradie/Documents/GitHub/Surreal Technologies/evolutionary-mission-trajectory-generator/baseline-artifacts/cases/cases/journey_options/EarthMars_Depart2-2_Arrive2-2/run.log,/Users/jacoconradie/Documents/GitHub/Surreal Technologies/evolutionary-mission-trajectory-generator/baseline-artifacts/cases/cases/journey_options/EarthMars_Depart2-2_Arrive2-2/compatibility.json,,0.0014012919855304062,,,,Unable to execute EMTG: [Errno 2] No such file or directory: '/path/to/IPOPT-enabled-EMTGv9'
journey_options/EarthToMarsBallisticRendezvous,/Users/jacoconradie/Documents/GitHub/Surreal Technologies/evolutionary-mission-trajectory-generator/testatron/tests/journey_options/EarthToMarsBallisticRendezvous.emtgopt,dependency_blocked,unreviewed,/Users/jacoconradie/Documents/GitHub/Surreal Technologies/evolutionary-mission-trajectory-generator/baseline-artifacts/cases/cases/journey_options/EarthToMarsBallisticRendezvous/EarthToMarsBallisticRendezvous.emtgopt,,,/Users/jacoconradie/Documents/GitHub/Surreal Technologies/evolutionary-mission-trajectory-generator/baseline-artifacts/cases/cases/journey_options/EarthToMarsBallisticRendezvous/run.log,/Users/jacoconradie/Documents/GitHub/Surreal Technologies/evolutionary-mission-trajectory-generator/baseline-artifacts/cases/cases/journey_options/EarthToMarsBallisticRendezvous/compatibility.json,,0.0012739159865304828,,,,Unable to execute EMTG: [Errno 2] No such file or directory: '/path/to/IPOPT-enabled-EMTGv9'
journey_options/EarthToMarsParkingOrbit,/Users/jacoconradie/Documents/GitHub/Surreal Technologies/evolutionary-mission-trajectory-generator/testatron/tests/journey_options/EarthToMarsParkingOrbit.emtgopt,dependency_blocked,unreviewed,/Users/jacoconradie/Documents/GitHub/Surreal Technologies/evolutionary-mission-trajectory-generator/baseline-artifacts/cases/cases/journey_options/EarthToMarsParkingOrbit/EarthToMarsParkingOrbit.emtgopt,,,/Users/jacoconradie/Documents/GitHub/Surreal Technologies/evolutionary-mission-trajectory-generator/baseline-artifacts/cases/cases/journey_options/EarthToMarsParkingOrbit/run.log,/Users/jacoconradie/Documents/GitHub/Surreal Technologies/evolutionary-mission-trajectory-generator/baseline-artifacts/cases/cases/journey_options/EarthToMarsParkingOrbit/compatibility.json,,0.0012482499878387898,,,,Unable to execute EMTG: [Errno 2] No such file or directory: '/path/to/IPOPT-enabled-EMTGv9'
journey_options/EarthToMarsParkingOrbit_PatchedConic,/Users/jacoconradie/Documents/GitHub/Surreal Technologies/evolutionary-mission-trajectory-generator/testatron/tests/journey_options/EarthToMarsParkingOrbit_PatchedConic.emtgopt,dependency_blocked,unreviewed,/Users/jacoconradie/Documents/GitHub/Surreal Technologies/evolutionary-mission-trajectory-generator/baseline-artifacts/cases/cases/journey_options/EarthToMarsParkingOrbit_PatchedConic/EarthToMarsParkingOrbit_PatchedConic.emtgopt,,,/Users/jacoconradie/Documents/GitHub/Surreal Technologies/evolutionary-mission-trajectory-generator/baseline-artifacts/cases/cases/journey_options/EarthToMarsParkingOrbit_PatchedConic/run.log,/Users/jacoconradie/Documents/GitHub/Surreal Technologies/evolutionary-mission-trajectory-generator/baseline-artifacts/cases/cases/journey_options/EarthToMarsParkingOrbit_PatchedConic/compatibility.json,,0.004576166975311935,,,,Unable to execute EMTG: [Errno 2] No such file or directory: '/path/to/IPOPT-enabled-EMTGv9'
journey_options/EarthToMarsPeri,/Users/jacoconradie/Documents/GitHub/Surreal Technologies/evolutionary-mission-trajectory-generator/testatron/tests/journey_options/EarthToMarsPeri.emtgopt,dependency_blocked,unreviewed,/Users/jacoconradie/Documents/GitHub/Surreal Technologies/evolutionary-mission-trajectory-generator/baseline-artifacts/cases/cases/journey_options/EarthToMarsPeri/EarthToMarsPeri.emtgopt,,,/Users/jacoconradie/Documents/GitHub/Surreal Technologies/evolutionary-mission-trajectory-generator/baseline-artifacts/cases/cases/journey_options/EarthToMarsPeri/run.log,/Users/jacoconradie/Documents/GitHub/Surreal Technologies/evolutionary-mission-trajectory-generator/baseline-artifacts/cases/cases/journey_options/EarthToMarsPeri/compatibility.json,,0.0017244579794351012,,,,Unable to execute EMTG: [Errno 2] No such file or directory: '/path/to/IPOPT-enabled-EMTGv9'
journey_options/EarthToMarsPeri_boundedAggFlightTime,/Users/jacoconradie/Documents/GitHub/Surreal Technologies/evolutionary-mission-trajectory-generator/testatron/tests/journey_options/EarthToMarsPeri_boundedAggFlightTime.emtgopt,dependency_blocked,unreviewed,/Users/jacoconradie/Documents/GitHub/Surreal Technologies/evolutionary-mission-trajectory-generator/baseline-artifacts/cases/cases/journey_options/EarthToMarsPeri_boundedAggFlightTime/EarthToMarsPeri_boundedAggFlightTime.emtgopt,,,/Users/jacoconradie/Documents/GitHub/Surreal Technologies/evolutionary-mission-trajectory-generator/baseline-artifacts/cases/cases/journey_options/EarthToMarsPeri_boundedAggFlightTime/run.log,/Users/jacoconradie/Documents/GitHub/Surreal Technologies/evolutionary-mission-trajectory-generator/baseline-artifacts/cases/cases/journey_options/EarthToMarsPeri_boundedAggFlightTime/compatibility.json,,0.0021472920197993517,,,,Unable to execute EMTG: [Errno 2] No such file or directory: '/path/to/IPOPT-enabled-EMTGv9'
journey_options/EarthToMarsPeri_boundedarrivaldate,/Users/jacoconradie/Documents/GitHub/Surreal Technologies/evolutionary-mission-trajectory-generator/testatron/tests/journey_options/EarthToMarsPeri_boundedarrivaldate.emtgopt,dependency_blocked,unreviewed,/Users/jacoconradie/Documents/GitHub/Surreal Technologies/evolutionary-mission-trajectory-generator/baseline-artifacts/cases/cases/journey_options/EarthToMarsPeri_boundedarrivaldate/EarthToMarsPeri_boundedarrivaldate.emtgopt,,,/Users/jacoconradie/Documents/GitHub/Surreal Technologies/evolutionary-mission-trajectory-generator/baseline-artifacts/cases/cases/journey_options/EarthToMarsPeri_boundedarrivaldate/run.log,/Users/jacoconradie/Documents/GitHub/Surreal Technologies/evolutionary-mission-trajectory-generator/baseline-artifacts/cases/cases/journey_options/EarthToMarsPeri_boundedarrivaldate/compatibility.json,,0.001308042003074661,,,,Unable to execute EMTG: [Errno 2] No such file or directory: '/path/to/IPOPT-enabled-EMTGv9'
journey_options/EarthToMarsPeri_boundedtime,/Users/jacoconradie/Documents/GitHub/Surreal Technologies/evolutionary-mission-trajectory-generator/testatron/tests/journey_options/EarthToMarsPeri_boundedtime.emtgopt,dependency_blocked,unreviewed,/Users/jacoconradie/Documents/GitHub/Surreal Technologies/evolutionary-mission-trajectory-generator/baseline-artifacts/cases/cases/journey_options/EarthToMarsPeri_boundedtime/EarthToMarsPeri_boundedtime.emtgopt,,,/Users/jacoconradie/Documents/GitHub/Surreal Technologies/evolutionary-mission-trajectory-generator/baseline-artifacts/cases/cases/journey_options/EarthToMarsPeri_boundedtime/run.log,/Users/jacoconradie/Documents/GitHub/Surreal Technologies/evolutionary-mission-trajectory-generator/baseline-artifacts/cases/cases/journey_options/EarthToMarsPeri_boundedtime/compatibility.json,,0.0016272499924525619,,,,Unable to execute EMTG: [Errno 2] No such file or directory: '/path/to/IPOPT-enabled-EMTGv9'
journey_options/EarthToMarsPeri_ovverrideproptype,/Users/jacoconradie/Documents/GitHub/Surreal Technologies/evolutionary-mission-trajectory-generator/testatron/tests/journey_options/EarthToMarsPeri_ovverrideproptype.emtgopt,dependency_blocked,unreviewed,/Users/jacoconradie/Documents/GitHub/Surreal Technologies/evolutionary-mission-trajectory-generator/baseline-artifacts/cases/cases/journey_options/EarthToMarsPeri_ovverrideproptype/EarthToMarsPeri_ovverrideproptype.emtgopt,,,/Users/jacoconradie/Documents/GitHub/Surreal Technologies/evolutionary-mission-trajectory-generator/baseline-artifacts/cases/cases/journey_options/EarthToMarsPeri_ovverrideproptype/run.log,/Users/jacoconradie/Documents/GitHub/Surreal Technologies/evolutionary-mission-trajectory-generator/baseline-artifacts/cases/cases/journey_options/EarthToMarsPeri_ovverrideproptype/compatibility.json,,0.001802583981771022,,,,Unable to execute EMTG: [Errno 2] No such file or directory: '/path/to/IPOPT-enabled-EMTGv9'
journey_options/EarthToMarsRendezvous,/Users/jacoconradie/Documents/GitHub/Surreal Technologies/evolutionary-mission-trajectory-generator/testatron/tests/journey_options/EarthToMarsRendezvous.emtgopt,dependency_blocked,unreviewed,/Users/jacoconradie/Documents/GitHub/Surreal Technologies/evolutionary-mission-trajectory-generator/baseline-artifacts/cases/cases/journey_options/EarthToMarsRendezvous/EarthToMarsRendezvous.emtgopt,,,/Users/jacoconradie/Documents/GitHub/Surreal Technologies/evolutionary-mission-trajectory-generator/baseline-artifacts/cases/cases/journey_options/EarthToMarsRendezvous/run.log,/Users/jacoconradie/Documents/GitHub/Surreal Technologies/evolutionary-mission-trajectory-generator/baseline-artifacts/cases/cases/journey_options/EarthToMarsRendezvous/compatibility.json,,0.003714874997967854,,,,Unable to execute EMTG: [Errno 2] No such file or directory: '/path/to/IPOPT-enabled-EMTGv9'
journey_options/EarthToMars_ForcedInitialCoast,/Users/jacoconradie/Documents/GitHub/Surreal Technologies/evolutionary-mission-trajectory-generator/testatron/tests/journey_options/EarthToMars_ForcedInitialCoast.emtgopt,dependency_blocked,unreviewed,/Users/jacoconradie/Documents/GitHub/Surreal Technologies/evolutionary-mission-trajectory-generator/baseline-artifacts/cases/cases/journey_options/EarthToMars_ForcedInitialCoast/EarthToMars_ForcedInitialCoast.emtgopt,,,/Users/jacoconradie/Documents/GitHub/Surreal Technologies/evolutionary-mission-trajectory-generator/baseline-artifacts/cases/cases/journey_options/EarthToMars_ForcedInitialCoast/run.log,/Users/jacoconradie/Documents/GitHub/Surreal Technologies/evolutionary-mission-trajectory-generator/baseline-artifacts/cases/cases/journey_options/EarthToMars_ForcedInitialCoast/compatibility.json,,0.001612167019629851,,,,Unable to execute EMTG: [Errno 2] No such file or directory: '/path/to/IPOPT-enabled-EMTGv9'
journey_options/EarthToMars_ForcedTerminalCoast,/Users/jacoconradie/Documents/GitHub/Surreal Technologies/evolutionary-mission-trajectory-generator/testatron/tests/journey_options/EarthToMars_ForcedTerminalCoast.emtgopt,dependency_blocked,unreviewed,/Users/jacoconradie/Documents/GitHub/Surreal Technologies/evolutionary-mission-trajectory-generator/baseline-artifacts/cases/cases/journey_options/EarthToMars_ForcedTerminalCoast/EarthToMars_ForcedTerminalCoast.emtgopt,,,/Users/jacoconradie/Documents/GitHub/Surreal Technologies/evolutionary-mission-trajectory-generator/baseline-artifacts/cases/cases/journey_options/EarthToMars_ForcedTerminalCoast/run.log,/Users/jacoconradie/Documents/GitHub/Surreal Technologies/evolutionary-mission-trajectory-generator/baseline-artifacts/cases/cases/journey_options/EarthToMars_ForcedTerminalCoast/compatibility.json,,0.00505020801210776,,,,Unable to execute EMTG: [Errno 2] No such file or directory: '/path/to/IPOPT-enabled-EMTGv9'
journey_options/EarthToMars_JourneyEndDeltaV,/Users/jacoconradie/Documents/GitHub/Surreal Technologies/evolutionary-mission-trajectory-generator/testatron/tests/journey_options/EarthToMars_JourneyEndDeltaV.emtgopt,dependency_blocked,unreviewed,/Users/jacoconradie/Documents/GitHub/Surreal Technologies/evolutionary-mission-trajectory-generator/baseline-artifacts/cases/cases/journey_options/EarthToMars_JourneyEndDeltaV/EarthToMars_JourneyEndDeltaV.emtgopt,,,/Users/jacoconradie/Documents/GitHub/Surreal Technologies/evolutionary-mission-trajectory-generator/baseline-artifacts/cases/cases/journey_options/EarthToMars_JourneyEndDeltaV/run.log,/Users/jacoconradie/Documents/GitHub/Surreal Technologies/evolutionary-mission-trajectory-generator/baseline-artifacts/cases/cases/journey_options/EarthToMars_JourneyEndDeltaV/compatibility.json,,0.006094582990044728,,,,Unable to execute EMTG: [Errno 2] No such file or directory: '/path/to/IPOPT-enabled-EMTGv9'
journey_options/EarthToMars_OverrideDutyCycle,/Users/jacoconradie/Documents/GitHub/Surreal Technologies/evolutionary-mission-trajectory-generator/testatron/tests/journey_options/EarthToMars_OverrideDutyCycle.emtgopt,dependency_blocked,unreviewed,/Users/jacoconradie/Documents/GitHub/Surreal Technologies/evolutionary-mission-trajectory-generator/baseline-artifacts/cases/cases/journey_options/EarthToMars_OverrideDutyCycle/EarthToMars_OverrideDutyCycle.emtgopt,,,/Users/jacoconradie/Documents/GitHub/Surreal Technologies/evolutionary-mission-trajectory-generator/baseline-artifacts/cases/cases/journey_options/EarthToMars_OverrideDutyCycle/run.log,/Users/jacoconradie/Documents/GitHub/Surreal Technologies/evolutionary-mission-trajectory-generator/baseline-artifacts/cases/cases/journey_options/EarthToMars_OverrideDutyCycle/compatibility.json,,0.0014782919897697866,,,,Unable to execute EMTG: [Errno 2] No such file or directory: '/path/to/IPOPT-enabled-EMTGv9'
journey_options/EarthToMars_coastphasematchpt,/Users/jacoconradie/Documents/GitHub/Surreal Technologies/evolutionary-mission-trajectory-generator/testatron/tests/journey_options/EarthToMars_coastphasematchpt.emtgopt,dependency_blocked,unreviewed,/Users/jacoconradie/Documents/GitHub/Surreal Technologies/evolutionary-mission-trajectory-generator/baseline-artifacts/cases/cases/journey_options/EarthToMars_coastphasematchpt/EarthToMars_coastphasematchpt.emtgopt,,,/Users/jacoconradie/Documents/GitHub/Surreal Technologies/evolutionary-mission-trajectory-generator/baseline-artifacts/cases/cases/journey_options/EarthToMars_coastphasematchpt/run.log,/Users/jacoconradie/Documents/GitHub/Surreal Technologies/evolutionary-mission-trajectory-generator/baseline-artifacts/cases/cases/journey_options/EarthToMars_coastphasematchpt/compatibility.json,,0.0021837910171598196,,,,Unable to execute EMTG: [Errno 2] No such file or directory: '/path/to/IPOPT-enabled-EMTGv9'
journey_options/EarthToMars_dep1-2_atMars,/Users/jacoconradie/Documents/GitHub/Surreal Technologies/evolutionary-mission-trajectory-generator/testatron/tests/journey_options/EarthToMars_dep1-2_atMars.emtgopt,dependency_blocked,unreviewed,/Users/jacoconradie/Documents/GitHub/Surreal Technologies/evolutionary-mission-trajectory-generator/baseline-artifacts/cases/cases/journey_options/EarthToMars_dep1-2_atMars/EarthToMars_dep1-2_atMars.emtgopt,,,/Users/jacoconradie/Documents/GitHub/Surreal Technologies/evolutionary-mission-trajectory-generator/baseline-artifacts/cases/cases/journey_options/EarthToMars_dep1-2_atMars/run.log,/Users/jacoconradie/Documents/GitHub/Surreal Technologies/evolutionary-mission-trajectory-generator/baseline-artifacts/cases/cases/journey_options/EarthToMars_dep1-2_atMars/compatibility.json,,0.002182708994951099,,,,Unable to execute EMTG: [Errno 2] No such file or directory: '/path/to/IPOPT-enabled-EMTGv9'
journey_options/EarthToMars_fixedEndMassInc,/Users/jacoconradie/Documents/GitHub/Surreal Technologies/evolutionary-mission-trajectory-generator/testatron/tests/journey_options/EarthToMars_fixedEndMassInc.emtgopt,dependency_blocked,unreviewed,/Users/jacoconradie/Documents/GitHub/Surreal Technologies/evolutionary-mission-trajectory-generator/baseline-artifacts/cases/cases/journey_options/EarthToMars_fixedEndMassInc/EarthToMars_fixedEndMassInc.emtgopt,,,/Users/jacoconradie/Documents/GitHub/Surreal Technologies/evolutionary-mission-trajectory-generator/baseline-artifacts/cases/cases/journey_options/EarthToMars_fixedEndMassInc/run.log,/Users/jacoconradie/Documents/GitHub/Surreal Technologies/evolutionary-mission-trajectory-generator/baseline-artifacts/cases/cases/journey_options/EarthToMars_fixedEndMassInc/compatibility.json,,0.006801417010137811,,,,Unable to execute EMTG: [Errno 2] No such file or directory: '/path/to/IPOPT-enabled-EMTGv9'
journey_options/EarthToMars_fixedStartingMassInc,/Users/jacoconradie/Documents/GitHub/Surreal Technologies/evolutionary-mission-trajectory-generator/testatron/tests/journey_options/EarthToMars_fixedStartingMassInc.emtgopt,dependency_blocked,unreviewed,/Users/jacoconradie/Documents/GitHub/Surreal Technologies/evolutionary-mission-trajectory-generator/baseline-artifacts/cases/cases/journey_options/EarthToMars_fixedStartingMassInc/EarthToMars_fixedStartingMassInc.emtgopt,,,/Users/jacoconradie/Documents/GitHub/Surreal Technologies/evolutionary-mission-trajectory-generator/baseline-artifacts/cases/cases/journey_options/EarthToMars_fixedStartingMassInc/run.log,/Users/jacoconradie/Documents/GitHub/Surreal Technologies/evolutionary-mission-trajectory-generator/baseline-artifacts/cases/cases/journey_options/EarthToMars_fixedStartingMassInc/compatibility.json,,0.003442916990024969,,,,Unable to execute EMTG: [Errno 2] No such file or directory: '/path/to/IPOPT-enabled-EMTGv9'
journey_options/EarthToMars_overrideTimesteps,/Users/jacoconradie/Documents/GitHub/Surreal Technologies/evolutionary-mission-trajectory-generator/testatron/tests/journey_options/EarthToMars_overrideTimesteps.emtgopt,dependency_blocked,unreviewed,/Users/jacoconradie/Documents/GitHub/Surreal Technologies/evolutionary-mission-trajectory-generator/baseline-artifacts/cases/cases/journey_options/EarthToMars_overrideTimesteps/EarthToMars_overrideTimesteps.emtgopt,,,/Users/jacoconradie/Documents/GitHub/Surreal Technologies/evolutionary-mission-trajectory-generator/baseline-artifacts/cases/cases/journey_options/EarthToMars_overrideTimesteps/run.log,/Users/jacoconradie/Documents/GitHub/Surreal Technologies/evolutionary-mission-trajectory-generator/baseline-artifacts/cases/cases/journey_options/EarthToMars_overrideTimesteps/compatibility.json,,0.0016646250151097775,,,,Unable to execute EMTG: [Errno 2] No such file or directory: '/path/to/IPOPT-enabled-EMTGv9'
journey_options/EarthToMars_variableMassInc,/Users/jacoconradie/Documents/GitHub/Surreal Technologies/evolutionary-mission-trajectory-generator/testatron/tests/journey_options/EarthToMars_variableMassInc.emtgopt,dependency_blocked,unreviewed,/Users/jacoconradie/Documents/GitHub/Surreal Technologies/evolutionary-mission-trajectory-generator/baseline-artifacts/cases/cases/journey_options/EarthToMars_variableMassInc/EarthToMars_variableMassInc.emtgopt,,,/Users/jacoconradie/Documents/GitHub/Surreal Technologies/evolutionary-mission-trajectory-generator/baseline-artifacts/cases/cases/journey_options/EarthToMars_variableMassInc/run.log,/Users/jacoconradie/Documents/GitHub/Surreal Technologies/evolutionary-mission-trajectory-generator/baseline-artifacts/cases/cases/journey_options/EarthToMars_variableMassInc/compatibility.json,,0.0017837079940363765,,,,Unable to execute EMTG: [Errno 2] No such file or directory: '/path/to/IPOPT-enabled-EMTGv9'
journey_options/LEO_to_GEO,/Users/jacoconradie/Documents/GitHub/Surreal Technologies/evolutionary-mission-trajectory-generator/testatron/tests/journey_options/LEO_to_GEO.emtgopt,dependency_blocked,unreviewed,/Users/jacoconradie/Documents/GitHub/Surreal Technologies/evolutionary-mission-trajectory-generator/baseline-artifacts/cases/cases/journey_options/LEO_to_GEO/LEO_to_GEO.emtgopt,,,/Users/jacoconradie/Documents/GitHub/Surreal Technologies/evolutionary-mission-trajectory-generator/baseline-artifacts/cases/cases/journey_options/LEO_to_GEO/run.log,/Users/jacoconradie/Documents/GitHub/Surreal Technologies/evolutionary-mission-trajectory-generator/baseline-artifacts/cases/cases/journey_options/LEO_to_GEO/compatibility.json,,0.001433750003343448,,,,Unable to execute EMTG: [Errno 2] No such file or directory: '/path/to/IPOPT-enabled-EMTGv9'
journey_options/default_PSBI_fixed_inertial_control,/Users/jacoconradie/Documents/GitHub/Surreal Technologies/evolutionary-mission-trajectory-generator/testatron/tests/journey_options/default_PSBI_fixed_inertial_control.emtgopt,dependency_blocked,unreviewed,/Users/jacoconradie/Documents/GitHub/Surreal Technologies/evolutionary-mission-trajectory-generator/baseline-artifacts/cases/cases/journey_options/default_PSBI_fixed_inertial_control/default_PSBI_fixed_inertial_control.emtgopt,,,/Users/jacoconradie/Documents/GitHub/Surreal Technologies/evolutionary-mission-trajectory-generator/baseline-artifacts/cases/cases/journey_options/default_PSBI_fixed_inertial_control/run.log,/Users/jacoconradie/Documents/GitHub/Surreal Technologies/evolutionary-mission-trajectory-generator/baseline-artifacts/cases/cases/journey_options/default_PSBI_fixed_inertial_control/compatibility.json,,0.001571667002281174,,,,Unable to execute EMTG: [Errno 2] No such file or directory: '/path/to/IPOPT-enabled-EMTGv9'
journey_options/default_force_unit_magnitude_control,/Users/jacoconradie/Documents/GitHub/Surreal Technologies/evolutionary-mission-trajectory-generator/testatron/tests/journey_options/default_force_unit_magnitude_control.emtgopt,dependency_blocked,unreviewed,/Users/jacoconradie/Documents/GitHub/Surreal Technologies/evolutionary-mission-trajectory-generator/baseline-artifacts/cases/cases/journey_options/default_force_unit_magnitude_control/default_force_unit_magnitude_control.emtgopt,,,/Users/jacoconradie/Documents/GitHub/Surreal Technologies/evolutionary-mission-trajectory-generator/baseline-artifacts/cases/cases/journey_options/default_force_unit_magnitude_control/run.log,/Users/jacoconradie/Documents/GitHub/Surreal Technologies/evolutionary-mission-trajectory-generator/baseline-artifacts/cases/cases/journey_options/default_force_unit_magnitude_control/compatibility.json,,0.0015058749995660037,,,,Unable to execute EMTG: [Errno 2] No such file or directory: '/path/to/IPOPT-enabled-EMTGv9'
journey_options/default_with_Jupiter_perturbation,/Users/jacoconradie/Documents/GitHub/Surreal Technologies/evolutionary-mission-trajectory-generator/testatron/tests/journey_options/default_with_Jupiter_perturbation.emtgopt,dependency_blocked,unreviewed,/Users/jacoconradie/Documents/GitHub/Surreal Technologies/evolutionary-mission-trajectory-generator/baseline-artifacts/cases/cases/journey_options/default_with_Jupiter_perturbation/default_with_Jupiter_perturbation.emtgopt,,,/Users/jacoconradie/Documents/GitHub/Surreal Technologies/evolutionary-mission-trajectory-generator/baseline-artifacts/cases/cases/journey_options/default_with_Jupiter_perturbation/run.log,/Users/jacoconradie/Documents/GitHub/Surreal Technologies/evolutionary-mission-trajectory-generator/baseline-artifacts/cases/cases/journey_options/default_with_Jupiter_perturbation/compatibility.json,,0.001476792007451877,,,,Unable to execute EMTG: [Errno 2] No such file or directory: '/path/to/IPOPT-enabled-EMTGv9'
journey_options/default_with_Jupiter_perturbations_PSBI,/Users/jacoconradie/Documents/GitHub/Surreal Technologies/evolutionary-mission-trajectory-generator/testatron/tests/journey_options/default_with_Jupiter_perturbations_PSBI.emtgopt,dependency_blocked,unreviewed,/Users/jacoconradie/Documents/GitHub/Surreal Technologies/evolutionary-mission-trajectory-generator/baseline-artifacts/cases/cases/journey_options/default_with_Jupiter_perturbations_PSBI/default_with_Jupiter_perturbations_PSBI.emtgopt,,,/Users/jacoconradie/Documents/GitHub/Surreal Technologies/evolutionary-mission-trajectory-generator/baseline-artifacts/cases/cases/journey_options/default_with_Jupiter_perturbations_PSBI/run.log,/Users/jacoconradie/Documents/GitHub/Surreal Technologies/evolutionary-mission-trajectory-generator/baseline-artifacts/cases/cases/journey_options/default_with_Jupiter_perturbations_PSBI/compatibility.json,,0.001436999998986721,,,,Unable to execute EMTG: [Errno 2] No such file or directory: '/path/to/IPOPT-enabled-EMTGv9'
journey_options/default_zeroControl_intercept_MGALT,/Users/jacoconradie/Documents/GitHub/Surreal Technologies/evolutionary-mission-trajectory-generator/testatron/tests/journey_options/default_zeroControl_intercept_MGALT.emtgopt,dependency_blocked,unreviewed,/Users/jacoconradie/Documents/GitHub/Surreal Technologies/evolutionary-mission-trajectory-generator/baseline-artifacts/cases/cases/journey_options/default_zeroControl_intercept_MGALT/default_zeroControl_intercept_MGALT.emtgopt,,,/Users/jacoconradie/Documents/GitHub/Surreal Technologies/evolutionary-mission-trajectory-generator/baseline-artifacts/cases/cases/journey_options/default_zeroControl_intercept_MGALT/run.log,/Users/jacoconradie/Documents/GitHub/Surreal Technologies/evolutionary-mission-trajectory-generator/baseline-artifacts/cases/cases/journey_options/default_zeroControl_intercept_MGALT/compatibility.json,,0.0014610409853048623,,,,Unable to execute EMTG: [Errno 2] No such file or directory: '/path/to/IPOPT-enabled-EMTGv9'
journey_options/default_zeroControl_intercept_PSBI,/Users/jacoconradie/Documents/GitHub/Surreal Technologies/evolutionary-mission-trajectory-generator/testatron/tests/journey_options/default_zeroControl_intercept_PSBI.emtgopt,dependency_blocked,unreviewed,/Users/jacoconradie/Documents/GitHub/Surreal Technologies/evolutionary-mission-trajectory-generator/baseline-artifacts/cases/cases/journey_options/default_zeroControl_intercept_PSBI/default_zeroControl_intercept_PSBI.emtgopt,,,/Users/jacoconradie/Documents/GitHub/Surreal Technologies/evolutionary-mission-trajectory-generator/baseline-artifacts/cases/cases/journey_options/default_zeroControl_intercept_PSBI/run.log,/Users/jacoconradie/Documents/GitHub/Surreal Technologies/evolutionary-mission-trajectory-generator/baseline-artifacts/cases/cases/journey_options/default_zeroControl_intercept_PSBI/compatibility.json,,0.0021631659765262157,,,,Unable to execute EMTG: [Errno 2] No such file or directory: '/path/to/IPOPT-enabled-EMTGv9'
journey_options/escape_from_KSC_FreePointDirectDeparture_along_velocity_vector,/Users/jacoconradie/Documents/GitHub/Surreal Technologies/evolutionary-mission-trajectory-generator/testatron/tests/journey_options/escape_from_KSC_FreePointDirectDeparture_along_velocity_vector.emtgopt,dependency_blocked,unreviewed,/Users/jacoconradie/Documents/GitHub/Surreal Technologies/evolutionary-mission-trajectory-generator/baseline-artifacts/cases/cases/journey_options/escape_from_KSC_FreePointDirectDeparture_along_velocity_vector/escape_from_KSC_FreePointDirectDeparture_along_velocity_vector.emtgopt,,,/Users/jacoconradie/Documents/GitHub/Surreal Technologies/evolutionary-mission-trajectory-generator/baseline-artifacts/cases/cases/journey_options/escape_from_KSC_FreePointDirectDeparture_along_velocity_vector/run.log,/Users/jacoconradie/Documents/GitHub/Surreal Technologies/evolutionary-mission-trajectory-generator/baseline-artifacts/cases/cases/journey_options/escape_from_KSC_FreePointDirectDeparture_along_velocity_vector/compatibility.json,,0.001405542017892003,,,,Unable to execute EMTG: [Errno 2] No such file or directory: '/path/to/IPOPT-enabled-EMTGv9'
journey_options/park_to_SOI_FBLT,/Users/jacoconradie/Documents/GitHub/Surreal Technologies/evolutionary-mission-trajectory-generator/testatron/tests/journey_options/park_to_SOI_FBLT.emtgopt,dependency_blocked,unreviewed,/Users/jacoconradie/Documents/GitHub/Surreal Technologies/evolutionary-mission-trajectory-generator/baseline-artifacts/cases/cases/journey_options/park_to_SOI_FBLT/park_to_SOI_FBLT.emtgopt,,,/Users/jacoconradie/Documents/GitHub/Surreal Technologies/evolutionary-mission-trajectory-generator/baseline-artifacts/cases/cases/journey_options/park_to_SOI_FBLT/run.log,/Users/jacoconradie/Documents/GitHub/Surreal Technologies/evolutionary-mission-trajectory-generator/baseline-artifacts/cases/cases/journey_options/park_to_SOI_FBLT/compatibility.json,,0.0026512499898672104,,,,Unable to execute EMTG: [Errno 2] No such file or directory: '/path/to/IPOPT-enabled-EMTGv9'
output_options/outputoptions_frameICRF,/Users/jacoconradie/Documents/GitHub/Surreal Technologies/evolutionary-mission-trajectory-generator/testatron/tests/output_options/outputoptions_frameICRF.emtgopt,dependency_blocked,unreviewed,/Users/jacoconradie/Documents/GitHub/Surreal Technologies/evolutionary-mission-trajectory-generator/baseline-artifacts/cases/cases/output_options/outputoptions_frameICRF/outputoptions_frameICRF.emtgopt,,,/Users/jacoconradie/Documents/GitHub/Surreal Technologies/evolutionary-mission-trajectory-generator/baseline-artifacts/cases/cases/output_options/outputoptions_frameICRF/run.log,/Users/jacoconradie/Documents/GitHub/Surreal Technologies/evolutionary-mission-trajectory-generator/baseline-artifacts/cases/cases/output_options/outputoptions_frameICRF/compatibility.json,,0.002602167020086199,,,,Unable to execute EMTG: [Errno 2] No such file or directory: '/path/to/IPOPT-enabled-EMTGv9'
output_options/outputoptions_frameJ2000BCF,/Users/jacoconradie/Documents/GitHub/Surreal Technologies/evolutionary-mission-trajectory-generator/testatron/tests/output_options/outputoptions_frameJ2000BCF.emtgopt,dependency_blocked,unreviewed,/Users/jacoconradie/Documents/GitHub/Surreal Technologies/evolutionary-mission-trajectory-generator/baseline-artifacts/cases/cases/output_options/outputoptions_frameJ2000BCF/outputoptions_frameJ2000BCF.emtgopt,,,/Users/jacoconradie/Documents/GitHub/Surreal Technologies/evolutionary-mission-trajectory-generator/baseline-artifacts/cases/cases/output_options/outputoptions_frameJ2000BCF/run.log,/Users/jacoconradie/Documents/GitHub/Surreal Technologies/evolutionary-mission-trajectory-generator/baseline-artifacts/cases/cases/output_options/outputoptions_frameJ2000BCF/compatibility.json,,0.0023025420086923987,,,,Unable to execute EMTG: [Errno 2] No such file or directory: '/path/to/IPOPT-enabled-EMTGv9'
output_options/outputoptions_frameTODBCF,/Users/jacoconradie/Documents/GitHub/Surreal Technologies/evolutionary-mission-trajectory-generator/testatron/tests/output_options/outputoptions_frameTODBCF.emtgopt,dependency_blocked,unreviewed,/Users/jacoconradie/Documents/GitHub/Surreal Technologies/evolutionary-mission-trajectory-generator/baseline-artifacts/cases/cases/output_options/outputoptions_frameTODBCF/outputoptions_frameTODBCF.emtgopt,,,/Users/jacoconradie/Documents/GitHub/Surreal Technologies/evolutionary-mission-trajectory-generator/baseline-artifacts/cases/cases/output_options/outputoptions_frameTODBCF/run.log,/Users/jacoconradie/Documents/GitHub/Surreal Technologies/evolutionary-mission-trajectory-generator/baseline-artifacts/cases/cases/output_options/outputoptions_frameTODBCF/compatibility.json,,0.0017947499873116612,,,,Unable to execute EMTG: [Errno 2] No such file or directory: '/path/to/IPOPT-enabled-EMTGv9'
output_options/outputoptions_frameTODBCI,/Users/jacoconradie/Documents/GitHub/Surreal Technologies/evolutionary-mission-trajectory-generator/testatron/tests/output_options/outputoptions_frameTODBCI.emtgopt,dependency_blocked,unreviewed,/Users/jacoconradie/Documents/GitHub/Surreal Technologies/evolutionary-mission-trajectory-generator/baseline-artifacts/cases/cases/output_options/outputoptions_frameTODBCI/outputoptions_frameTODBCI.emtgopt,,,/Users/jacoconradie/Documents/GitHub/Surreal Technologies/evolutionary-mission-trajectory-generator/baseline-artifacts/cases/cases/output_options/outputoptions_frameTODBCI/run.log,/Users/jacoconradie/Documents/GitHub/Surreal Technologies/evolutionary-mission-trajectory-generator/baseline-artifacts/cases/cases/output_options/outputoptions_frameTODBCI/compatibility.json,,0.0019966250110883266,,,,Unable to execute EMTG: [Errno 2] No such file or directory: '/path/to/IPOPT-enabled-EMTGv9'
output_options/outputoptions_outputjourneywaittimes,/Users/jacoconradie/Documents/GitHub/Surreal Technologies/evolutionary-mission-trajectory-generator/testatron/tests/output_options/outputoptions_outputjourneywaittimes.emtgopt,dependency_blocked,unreviewed,/Users/jacoconradie/Documents/GitHub/Surreal Technologies/evolutionary-mission-trajectory-generator/baseline-artifacts/cases/cases/output_options/outputoptions_outputjourneywaittimes/outputoptions_outputjourneywaittimes.emtgopt,,,/Users/jacoconradie/Documents/GitHub/Surreal Technologies/evolutionary-mission-trajectory-generator/baseline-artifacts/cases/cases/output_options/outputoptions_outputjourneywaittimes/run.log,/Users/jacoconradie/Documents/GitHub/Surreal Technologies/evolutionary-mission-trajectory-generator/baseline-artifacts/cases/cases/output_options/outputoptions_outputjourneywaittimes/compatibility.json,,0.001908666017698124,,,,Unable to execute EMTG: [Errno 2] No such file or directory: '/path/to/IPOPT-enabled-EMTGv9'
physics_options/Earth_to_SmallBody_SAM,/Users/jacoconradie/Documents/GitHub/Surreal Technologies/evolutionary-mission-trajectory-generator/testatron/tests/physics_options/Earth_to_SmallBody_SAM.emtgopt,dependency_blocked,unreviewed,/Users/jacoconradie/Documents/GitHub/Surreal Technologies/evolutionary-mission-trajectory-generator/baseline-artifacts/cases/cases/physics_options/Earth_to_SmallBody_SAM/Earth_to_SmallBody_SAM.emtgopt,,,/Users/jacoconradie/Documents/GitHub/Surreal Technologies/evolutionary-mission-trajectory-generator/baseline-artifacts/cases/cases/physics_options/Earth_to_SmallBody_SAM/run.log,/Users/jacoconradie/Documents/GitHub/Surreal Technologies/evolutionary-mission-trajectory-generator/baseline-artifacts/cases/cases/physics_options/Earth_to_SmallBody_SAM/compatibility.json,,0.0016014590219128877,,,,Unable to execute EMTG: [Errno 2] No such file or directory: '/path/to/IPOPT-enabled-EMTGv9'
physics_options/physicsoptions_SPICEphem,/Users/jacoconradie/Documents/GitHub/Surreal Technologies/evolutionary-mission-trajectory-generator/testatron/tests/physics_options/physicsoptions_SPICEphem.emtgopt,dependency_blocked,unreviewed,/Users/jacoconradie/Documents/GitHub/Surreal Technologies/evolutionary-mission-trajectory-generator/baseline-artifacts/cases/cases/physics_options/physicsoptions_SPICEphem/physicsoptions_SPICEphem.emtgopt,,,/Users/jacoconradie/Documents/GitHub/Surreal Technologies/evolutionary-mission-trajectory-generator/baseline-artifacts/cases/cases/physics_options/physicsoptions_SPICEphem/run.log,/Users/jacoconradie/Documents/GitHub/Surreal Technologies/evolutionary-mission-trajectory-generator/baseline-artifacts/cases/cases/physics_options/physicsoptions_SPICEphem/compatibility.json,,0.0014332499995362014,,,,Unable to execute EMTG: [Errno 2] No such file or directory: '/path/to/IPOPT-enabled-EMTGv9'
physics_options/physicsoptions_add3rdbody,/Users/jacoconradie/Documents/GitHub/Surreal Technologies/evolutionary-mission-trajectory-generator/testatron/tests/physics_options/physicsoptions_add3rdbody.emtgopt,dependency_blocked,unreviewed,/Users/jacoconradie/Documents/GitHub/Surreal Technologies/evolutionary-mission-trajectory-generator/baseline-artifacts/cases/cases/physics_options/physicsoptions_add3rdbody/physicsoptions_add3rdbody.emtgopt,,,/Users/jacoconradie/Documents/GitHub/Surreal Technologies/evolutionary-mission-trajectory-generator/baseline-artifacts/cases/cases/physics_options/physicsoptions_add3rdbody/run.log,/Users/jacoconradie/Documents/GitHub/Surreal Technologies/evolutionary-mission-trajectory-generator/baseline-artifacts/cases/cases/physics_options/physicsoptions_add3rdbody/compatibility.json,,0.0016651659971103072,,,,Unable to execute EMTG: [Errno 2] No such file or directory: '/path/to/IPOPT-enabled-EMTGv9'
physics_options/physicsoptions_addJ2,/Users/jacoconradie/Documents/GitHub/Surreal Technologies/evolutionary-mission-trajectory-generator/testatron/tests/physics_options/physicsoptions_addJ2.emtgopt,dependency_blocked,unreviewed,/Users/jacoconradie/Documents/GitHub/Surreal Technologies/evolutionary-mission-trajectory-generator/baseline-artifacts/cases/cases/physics_options/physicsoptions_addJ2/physicsoptions_addJ2.emtgopt,,,/Users/jacoconradie/Documents/GitHub/Surreal Technologies/evolutionary-mission-trajectory-generator/baseline-artifacts/cases/cases/physics_options/physicsoptions_addJ2/run.log,/Users/jacoconradie/Documents/GitHub/Surreal Technologies/evolutionary-mission-trajectory-generator/baseline-artifacts/cases/cases/physics_options/physicsoptions_addJ2/compatibility.json,,0.0018828750180546194,,,,Unable to execute EMTG: [Errno 2] No such file or directory: '/path/to/IPOPT-enabled-EMTGv9'
physics_options/physicsoptions_addSRP,/Users/jacoconradie/Documents/GitHub/Surreal Technologies/evolutionary-mission-trajectory-generator/testatron/tests/physics_options/physicsoptions_addSRP.emtgopt,dependency_blocked,unreviewed,/Users/jacoconradie/Documents/GitHub/Surreal Technologies/evolutionary-mission-trajectory-generator/baseline-artifacts/cases/cases/physics_options/physicsoptions_addSRP/physicsoptions_addSRP.emtgopt,,,/Users/jacoconradie/Documents/GitHub/Surreal Technologies/evolutionary-mission-trajectory-generator/baseline-artifacts/cases/cases/physics_options/physicsoptions_addSRP/run.log,/Users/jacoconradie/Documents/GitHub/Surreal Technologies/evolutionary-mission-trajectory-generator/baseline-artifacts/cases/cases/physics_options/physicsoptions_addSRP/compatibility.json,,0.010615999985020608,,,,Unable to execute EMTG: [Errno 2] No such file or directory: '/path/to/IPOPT-enabled-EMTGv9'
physics_options/physicsoptions_periapseCartesian,/Users/jacoconradie/Documents/GitHub/Surreal Technologies/evolutionary-mission-trajectory-generator/testatron/tests/physics_options/physicsoptions_periapseCartesian.emtgopt,dependency_blocked,unreviewed,/Users/jacoconradie/Documents/GitHub/Surreal Technologies/evolutionary-mission-trajectory-generator/baseline-artifacts/cases/cases/physics_options/physicsoptions_periapseCartesian/physicsoptions_periapseCartesian.emtgopt,,,/Users/jacoconradie/Documents/GitHub/Surreal Technologies/evolutionary-mission-trajectory-generator/baseline-artifacts/cases/cases/physics_options/physicsoptions_periapseCartesian/run.log,/Users/jacoconradie/Documents/GitHub/Surreal Technologies/evolutionary-mission-trajectory-generator/baseline-artifacts/cases/cases/physics_options/physicsoptions_periapseCartesian/compatibility.json,,0.0017602919833734632,,,,Unable to execute EMTG: [Errno 2] No such file or directory: '/path/to/IPOPT-enabled-EMTGv9'
physics_options/physicsoptions_periapseIncomingBplane,/Users/jacoconradie/Documents/GitHub/Surreal Technologies/evolutionary-mission-trajectory-generator/testatron/tests/physics_options/physicsoptions_periapseIncomingBplane.emtgopt,dependency_blocked,unreviewed,/Users/jacoconradie/Documents/GitHub/Surreal Technologies/evolutionary-mission-trajectory-generator/baseline-artifacts/cases/cases/physics_options/physicsoptions_periapseIncomingBplane/physicsoptions_periapseIncomingBplane.emtgopt,,,/Users/jacoconradie/Documents/GitHub/Surreal Technologies/evolutionary-mission-trajectory-generator/baseline-artifacts/cases/cases/physics_options/physicsoptions_periapseIncomingBplane/run.log,/Users/jacoconradie/Documents/GitHub/Surreal Technologies/evolutionary-mission-trajectory-generator/baseline-artifacts/cases/cases/physics_options/physicsoptions_periapseIncomingBplane/compatibility.json,,0.0015682920056860894,,,,Unable to execute EMTG: [Errno 2] No such file or directory: '/path/to/IPOPT-enabled-EMTGv9'
physics_options/physicsoptions_periapseSphericalAZFPA,/Users/jacoconradie/Documents/GitHub/Surreal Technologies/evolutionary-mission-trajectory-generator/testatron/tests/physics_options/physicsoptions_periapseSphericalAZFPA.emtgopt,dependency_blocked,unreviewed,/Users/jacoconradie/Documents/GitHub/Surreal Technologies/evolutionary-mission-trajectory-generator/baseline-artifacts/cases/cases/physics_options/physicsoptions_periapseSphericalAZFPA/physicsoptions_periapseSphericalAZFPA.emtgopt,,,/Users/jacoconradie/Documents/GitHub/Surreal Technologies/evolutionary-mission-trajectory-generator/baseline-artifacts/cases/cases/physics_options/physicsoptions_periapseSphericalAZFPA/run.log,/Users/jacoconradie/Documents/GitHub/Surreal Technologies/evolutionary-mission-trajectory-generator/baseline-artifacts/cases/cases/physics_options/physicsoptions_periapseSphericalAZFPA/compatibility.json,,0.001629540987778455,,,,Unable to execute EMTG: [Errno 2] No such file or directory: '/path/to/IPOPT-enabled-EMTGv9'
physics_options/physicsoptions_periapseSphericalRADEC,/Users/jacoconradie/Documents/GitHub/Surreal Technologies/evolutionary-mission-trajectory-generator/testatron/tests/physics_options/physicsoptions_periapseSphericalRADEC.emtgopt,dependency_blocked,unreviewed,/Users/jacoconradie/Documents/GitHub/Surreal Technologies/evolutionary-mission-trajectory-generator/baseline-artifacts/cases/cases/physics_options/physicsoptions_periapseSphericalRADEC/physicsoptions_periapseSphericalRADEC.emtgopt,,,/Users/jacoconradie/Documents/GitHub/Surreal Technologies/evolutionary-mission-trajectory-generator/baseline-artifacts/cases/cases/physics_options/physicsoptions_periapseSphericalRADEC/run.log,/Users/jacoconradie/Documents/GitHub/Surreal Technologies/evolutionary-mission-trajectory-generator/baseline-artifacts/cases/cases/physics_options/physicsoptions_periapseSphericalRADEC/compatibility.json,,0.0014962500135879964,,,,Unable to execute EMTG: [Errno 2] No such file or directory: '/path/to/IPOPT-enabled-EMTGv9'
physics_options/physicsoptions_shortspline,/Users/jacoconradie/Documents/GitHub/Surreal Technologies/evolutionary-mission-trajectory-generator/testatron/tests/physics_options/physicsoptions_shortspline.emtgopt,dependency_blocked,unreviewed,/Users/jacoconradie/Documents/GitHub/Surreal Technologies/evolutionary-mission-trajectory-generator/baseline-artifacts/cases/cases/physics_options/physicsoptions_shortspline/physicsoptions_shortspline.emtgopt,,,/Users/jacoconradie/Documents/GitHub/Surreal Technologies/evolutionary-mission-trajectory-generator/baseline-artifacts/cases/cases/physics_options/physicsoptions_shortspline/run.log,/Users/jacoconradie/Documents/GitHub/Surreal Technologies/evolutionary-mission-trajectory-generator/baseline-artifacts/cases/cases/physics_options/physicsoptions_shortspline/compatibility.json,,0.001977332984097302,,,,Unable to execute EMTG: [Errno 2] No such file or directory: '/path/to/IPOPT-enabled-EMTGv9'
script_constraint_tests/EVM_MGAnDSMs_bEnd_but_not_pEnd_maneuverMagnitude,/Users/jacoconradie/Documents/GitHub/Surreal Technologies/evolutionary-mission-trajectory-generator/testatron/tests/script_constraint_tests/EVM_MGAnDSMs_bEnd_but_not_pEnd_maneuverMagnitude.emtgopt,dependency_blocked,unreviewed,/Users/jacoconradie/Documents/GitHub/Surreal Technologies/evolutionary-mission-trajectory-generator/baseline-artifacts/cases/cases/script_constraint_tests/EVM_MGAnDSMs_bEnd_but_not_pEnd_maneuverMagnitude/EVM_MGAnDSMs_bEnd_but_not_pEnd_maneuverMagnitude.emtgopt,,,/Users/jacoconradie/Documents/GitHub/Surreal Technologies/evolutionary-mission-trajectory-generator/baseline-artifacts/cases/cases/script_constraint_tests/EVM_MGAnDSMs_bEnd_but_not_pEnd_maneuverMagnitude/run.log,/Users/jacoconradie/Documents/GitHub/Surreal Technologies/evolutionary-mission-trajectory-generator/baseline-artifacts/cases/cases/script_constraint_tests/EVM_MGAnDSMs_bEnd_but_not_pEnd_maneuverMagnitude/compatibility.json,,0.008413333998760208,,,,Unable to execute EMTG: [Errno 2] No such file or directory: '/path/to/IPOPT-enabled-EMTGv9'
script_constraint_tests/EVM_MGAnDSMs_flybyDeparture_distance_from_Earth,/Users/jacoconradie/Documents/GitHub/Surreal Technologies/evolutionary-mission-trajectory-generator/testatron/tests/script_constraint_tests/EVM_MGAnDSMs_flybyDeparture_distance_from_Earth.emtgopt,dependency_blocked,unreviewed,/Users/jacoconradie/Documents/GitHub/Surreal Technologies/evolutionary-mission-trajectory-generator/baseline-artifacts/cases/cases/script_constraint_tests/EVM_MGAnDSMs_flybyDeparture_distance_from_Earth/EVM_MGAnDSMs_flybyDeparture_distance_from_Earth.emtgopt,,,/Users/jacoconradie/Documents/GitHub/Surreal Technologies/evolutionary-mission-trajectory-generator/baseline-artifacts/cases/cases/script_constraint_tests/EVM_MGAnDSMs_flybyDeparture_distance_from_Earth/run.log,/Users/jacoconradie/Documents/GitHub/Surreal Technologies/evolutionary-mission-trajectory-generator/baseline-artifacts/cases/cases/script_constraint_tests/EVM_MGAnDSMs_flybyDeparture_distance_from_Earth/compatibility.json,,0.0018723750254139304,,,,Unable to execute EMTG: [Errno 2] No such file or directory: '/path/to/IPOPT-enabled-EMTGv9'
script_constraint_tests/EVM_MGAnDSMs_pEnd_and_Bend_maneuverMagnitude,/Users/jacoconradie/Documents/GitHub/Surreal Technologies/evolutionary-mission-trajectory-generator/testatron/tests/script_constraint_tests/EVM_MGAnDSMs_pEnd_and_Bend_maneuverMagnitude.emtgopt,dependency_blocked,unreviewed,/Users/jacoconradie/Documents/GitHub/Surreal Technologies/evolutionary-mission-trajectory-generator/baseline-artifacts/cases/cases/script_constraint_tests/EVM_MGAnDSMs_pEnd_and_Bend_maneuverMagnitude/EVM_MGAnDSMs_pEnd_and_Bend_maneuverMagnitude.emtgopt,,,/Users/jacoconradie/Documents/GitHub/Surreal Technologies/evolutionary-mission-trajectory-generator/baseline-artifacts/cases/cases/script_constraint_tests/EVM_MGAnDSMs_pEnd_and_Bend_maneuverMagnitude/run.log,/Users/jacoconradie/Documents/GitHub/Surreal Technologies/evolutionary-mission-trajectory-generator/baseline-artifacts/cases/cases/script_constraint_tests/EVM_MGAnDSMs_pEnd_and_Bend_maneuverMagnitude/compatibility.json,,0.0017452919855713844,,,,Unable to execute EMTG: [Errno 2] No such file or directory: '/path/to/IPOPT-enabled-EMTGv9'
script_constraint_tests/EVM_MGAnDSMs_pEndbutnotBend_maneuverMagnitude,/Users/jacoconradie/Documents/GitHub/Surreal Technologies/evolutionary-mission-trajectory-generator/testatron/tests/script_constraint_tests/EVM_MGAnDSMs_pEndbutnotBend_maneuverMagnitude.emtgopt,dependency_blocked,unreviewed,/Users/jacoconradie/Documents/GitHub/Surreal Technologies/evolutionary-mission-trajectory-generator/baseline-artifacts/cases/cases/script_constraint_tests/EVM_MGAnDSMs_pEndbutnotBend_maneuverMagnitude/EVM_MGAnDSMs_pEndbutnotBend_maneuverMagnitude.emtgopt,,,/Users/jacoconradie/Documents/GitHub/Surreal Technologies/evolutionary-mission-trajectory-generator/baseline-artifacts/cases/cases/script_constraint_tests/EVM_MGAnDSMs_pEndbutnotBend_maneuverMagnitude/run.log,/Users/jacoconradie/Documents/GitHub/Surreal Technologies/evolutionary-mission-trajectory-generator/baseline-artifacts/cases/cases/script_constraint_tests/EVM_MGAnDSMs_pEndbutnotBend_maneuverMagnitude/compatibility.json,,0.002499333000741899,,,,Unable to execute EMTG: [Errno 2] No such file or directory: '/path/to/IPOPT-enabled-EMTGv9'
script_constraint_tests/EVM_PSBI_pEnd_bpt,/Users/jacoconradie/Documents/GitHub/Surreal Technologies/evolutionary-mission-trajectory-generator/testatron/tests/script_constraint_tests/EVM_PSBI_pEnd_bpt.emtgopt,dependency_blocked,unreviewed,/Users/jacoconradie/Documents/GitHub/Surreal Technologies/evolutionary-mission-trajectory-generator/baseline-artifacts/cases/cases/script_constraint_tests/EVM_PSBI_pEnd_bpt/EVM_PSBI_pEnd_bpt.emtgopt,,,/Users/jacoconradie/Documents/GitHub/Surreal Technologies/evolutionary-mission-trajectory-generator/baseline-artifacts/cases/cases/script_constraint_tests/EVM_PSBI_pEnd_bpt/run.log,/Users/jacoconradie/Documents/GitHub/Surreal Technologies/evolutionary-mission-trajectory-generator/baseline-artifacts/cases/cases/script_constraint_tests/EVM_PSBI_pEnd_bpt/compatibility.json,,0.0013736670080106705,,,,Unable to execute EMTG: [Errno 2] No such file or directory: '/path/to/IPOPT-enabled-EMTGv9'
script_constraint_tests/EVM_PSBI_pEnd_distance,/Users/jacoconradie/Documents/GitHub/Surreal Technologies/evolutionary-mission-trajectory-generator/testatron/tests/script_constraint_tests/EVM_PSBI_pEnd_distance.emtgopt,dependency_blocked,unreviewed,/Users/jacoconradie/Documents/GitHub/Surreal Technologies/evolutionary-mission-trajectory-generator/baseline-artifacts/cases/cases/script_constraint_tests/EVM_PSBI_pEnd_distance/EVM_PSBI_pEnd_distance.emtgopt,,,/Users/jacoconradie/Documents/GitHub/Surreal Technologies/evolutionary-mission-trajectory-generator/baseline-artifacts/cases/cases/script_constraint_tests/EVM_PSBI_pEnd_distance/run.log,/Users/jacoconradie/Documents/GitHub/Surreal Technologies/evolutionary-mission-trajectory-generator/baseline-artifacts/cases/cases/script_constraint_tests/EVM_PSBI_pEnd_distance/compatibility.json,,0.00336137498379685,,,,Unable to execute EMTG: [Errno 2] No such file or directory: '/path/to/IPOPT-enabled-EMTGv9'
script_constraint_tests/EVM_pEndRRP_arrival,/Users/jacoconradie/Documents/GitHub/Surreal Technologies/evolutionary-mission-trajectory-generator/testatron/tests/script_constraint_tests/EVM_pEndRRP_arrival.emtgopt,dependency_blocked,unreviewed,/Users/jacoconradie/Documents/GitHub/Surreal Technologies/evolutionary-mission-trajectory-generator/baseline-artifacts/cases/cases/script_constraint_tests/EVM_pEndRRP_arrival/EVM_pEndRRP_arrival.emtgopt,,,/Users/jacoconradie/Documents/GitHub/Surreal Technologies/evolutionary-mission-trajectory-generator/baseline-artifacts/cases/cases/script_constraint_tests/EVM_pEndRRP_arrival/run.log,/Users/jacoconradie/Documents/GitHub/Surreal Technologies/evolutionary-mission-trajectory-generator/baseline-artifacts/cases/cases/script_constraint_tests/EVM_pEndRRP_arrival/compatibility.json,,0.0028174580074846745,,,,Unable to execute EMTG: [Errno 2] No such file or directory: '/path/to/IPOPT-enabled-EMTGv9'
script_constraint_tests/EVM_pEnd_distance,/Users/jacoconradie/Documents/GitHub/Surreal Technologies/evolutionary-mission-trajectory-generator/testatron/tests/script_constraint_tests/EVM_pEnd_distance.emtgopt,dependency_blocked,unreviewed,/Users/jacoconradie/Documents/GitHub/Surreal Technologies/evolutionary-mission-trajectory-generator/baseline-artifacts/cases/cases/script_constraint_tests/EVM_pEnd_distance/EVM_pEnd_distance.emtgopt,,,/Users/jacoconradie/Documents/GitHub/Surreal Technologies/evolutionary-mission-trajectory-generator/baseline-artifacts/cases/cases/script_constraint_tests/EVM_pEnd_distance/run.log,/Users/jacoconradie/Documents/GitHub/Surreal Technologies/evolutionary-mission-trajectory-generator/baseline-artifacts/cases/cases/script_constraint_tests/EVM_pEnd_distance/compatibility.json,,0.0019366249907761812,,,,Unable to execute EMTG: [Errno 2] No such file or directory: '/path/to/IPOPT-enabled-EMTGv9'
script_constraint_tests/EarthMarsLikePointFreePointChemRendezvous_RPRconjunction,/Users/jacoconradie/Documents/GitHub/Surreal Technologies/evolutionary-mission-trajectory-generator/testatron/tests/script_constraint_tests/EarthMarsLikePointFreePointChemRendezvous_RPRconjunction.emtgopt,dependency_blocked,unreviewed,/Users/jacoconradie/Documents/GitHub/Surreal Technologies/evolutionary-mission-trajectory-generator/baseline-artifacts/cases/cases/script_constraint_tests/EarthMarsLikePointFreePointChemRendezvous_RPRconjunction/EarthMarsLikePointFreePointChemRendezvous_RPRconjunction.emtgopt,,,/Users/jacoconradie/Documents/GitHub/Surreal Technologies/evolutionary-mission-trajectory-generator/baseline-artifacts/cases/cases/script_constraint_tests/EarthMarsLikePointFreePointChemRendezvous_RPRconjunction/run.log,/Users/jacoconradie/Documents/GitHub/Surreal Technologies/evolutionary-mission-trajectory-generator/baseline-artifacts/cases/cases/script_constraint_tests/EarthMarsLikePointFreePointChemRendezvous_RPRconjunction/compatibility.json,,0.0015010840143077075,,,,Unable to execute EMTG: [Errno 2] No such file or directory: '/path/to/IPOPT-enabled-EMTGv9'
script_constraint_tests/EarthMarsLikePointFreePointChemRendezvous_RRPconjunction,/Users/jacoconradie/Documents/GitHub/Surreal Technologies/evolutionary-mission-trajectory-generator/testatron/tests/script_constraint_tests/EarthMarsLikePointFreePointChemRendezvous_RRPconjunction.emtgopt,dependency_blocked,unreviewed,/Users/jacoconradie/Documents/GitHub/Surreal Technologies/evolutionary-mission-trajectory-generator/baseline-artifacts/cases/cases/script_constraint_tests/EarthMarsLikePointFreePointChemRendezvous_RRPconjunction/EarthMarsLikePointFreePointChemRendezvous_RRPconjunction.emtgopt,,,/Users/jacoconradie/Documents/GitHub/Surreal Technologies/evolutionary-mission-trajectory-generator/baseline-artifacts/cases/cases/script_constraint_tests/EarthMarsLikePointFreePointChemRendezvous_RRPconjunction/run.log,/Users/jacoconradie/Documents/GitHub/Surreal Technologies/evolutionary-mission-trajectory-generator/baseline-artifacts/cases/cases/script_constraint_tests/EarthMarsLikePointFreePointChemRendezvous_RRPconjunction/compatibility.json,,0.0016896250017452985,,,,Unable to execute EMTG: [Errno 2] No such file or directory: '/path/to/IPOPT-enabled-EMTGv9'
script_constraint_tests/EarthMars_RPRangle_force_conjunction,/Users/jacoconradie/Documents/GitHub/Surreal Technologies/evolutionary-mission-trajectory-generator/testatron/tests/script_constraint_tests/EarthMars_RPRangle_force_conjunction.emtgopt,dependency_blocked,unreviewed,/Users/jacoconradie/Documents/GitHub/Surreal Technologies/evolutionary-mission-trajectory-generator/baseline-artifacts/cases/cases/script_constraint_tests/EarthMars_RPRangle_force_conjunction/EarthMars_RPRangle_force_conjunction.emtgopt,,,/Users/jacoconradie/Documents/GitHub/Surreal Technologies/evolutionary-mission-trajectory-generator/baseline-artifacts/cases/cases/script_constraint_tests/EarthMars_RPRangle_force_conjunction/run.log,/Users/jacoconradie/Documents/GitHub/Surreal Technologies/evolutionary-mission-trajectory-generator/baseline-artifacts/cases/cases/script_constraint_tests/EarthMars_RPRangle_force_conjunction/compatibility.json,,0.0015499169821850955,,,,Unable to execute EMTG: [Errno 2] No such file or directory: '/path/to/IPOPT-enabled-EMTGv9'
script_constraint_tests/EarthMars_RRPangle_force_conjunction,/Users/jacoconradie/Documents/GitHub/Surreal Technologies/evolutionary-mission-trajectory-generator/testatron/tests/script_constraint_tests/EarthMars_RRPangle_force_conjunction.emtgopt,dependency_blocked,unreviewed,/Users/jacoconradie/Documents/GitHub/Surreal Technologies/evolutionary-mission-trajectory-generator/baseline-artifacts/cases/cases/script_constraint_tests/EarthMars_RRPangle_force_conjunction/EarthMars_RRPangle_force_conjunction.emtgopt,,,/Users/jacoconradie/Documents/GitHub/Surreal Technologies/evolutionary-mission-trajectory-generator/baseline-artifacts/cases/cases/script_constraint_tests/EarthMars_RRPangle_force_conjunction/run.log,/Users/jacoconradie/Documents/GitHub/Surreal Technologies/evolutionary-mission-trajectory-generator/baseline-artifacts/cases/cases/script_constraint_tests/EarthMars_RRPangle_force_conjunction/compatibility.json,,0.00505208401591517,,,,Unable to execute EMTG: [Errno 2] No such file or directory: '/path/to/IPOPT-enabled-EMTGv9'
script_constraint_tests/ShuttlePark_to_Molniya,/Users/jacoconradie/Documents/GitHub/Surreal Technologies/evolutionary-mission-trajectory-generator/testatron/tests/script_constraint_tests/ShuttlePark_to_Molniya.emtgopt,dependency_blocked,unreviewed,/Users/jacoconradie/Documents/GitHub/Surreal Technologies/evolutionary-mission-trajectory-generator/baseline-artifacts/cases/cases/script_constraint_tests/ShuttlePark_to_Molniya/ShuttlePark_to_Molniya.emtgopt,,,/Users/jacoconradie/Documents/GitHub/Surreal Technologies/evolutionary-mission-trajectory-generator/baseline-artifacts/cases/cases/script_constraint_tests/ShuttlePark_to_Molniya/run.log,/Users/jacoconradie/Documents/GitHub/Surreal Technologies/evolutionary-mission-trajectory-generator/baseline-artifacts/cases/cases/script_constraint_tests/ShuttlePark_to_Molniya/compatibility.json,,0.0019879169994965196,,,,Unable to execute EMTG: [Errno 2] No such file or directory: '/path/to/IPOPT-enabled-EMTGv9'
solver_options/solveroptions_ACEfeasibility,/Users/jacoconradie/Documents/GitHub/Surreal Technologies/evolutionary-mission-trajectory-generator/testatron/tests/solver_options/solveroptions_ACEfeasibility.emtgopt,dependency_blocked,unreviewed,/Users/jacoconradie/Documents/GitHub/Surreal Technologies/evolutionary-mission-trajectory-generator/baseline-artifacts/cases/cases/solver_options/solveroptions_ACEfeasibility/solveroptions_ACEfeasibility.emtgopt,,,/Users/jacoconradie/Documents/GitHub/Surreal Technologies/evolutionary-mission-trajectory-generator/baseline-artifacts/cases/cases/solver_options/solveroptions_ACEfeasibility/run.log,/Users/jacoconradie/Documents/GitHub/Surreal Technologies/evolutionary-mission-trajectory-generator/baseline-artifacts/cases/cases/solver_options/solveroptions_ACEfeasibility/compatibility.json,,0.001906499994220212,,,,Unable to execute EMTG: [Errno 2] No such file or directory: '/path/to/IPOPT-enabled-EMTGv9'
solver_options/solveroptions_MBH_RNG_seed,/Users/jacoconradie/Documents/GitHub/Surreal Technologies/evolutionary-mission-trajectory-generator/testatron/tests/solver_options/solveroptions_MBH_RNG_seed.emtgopt,dependency_blocked,unreviewed,/Users/jacoconradie/Documents/GitHub/Surreal Technologies/evolutionary-mission-trajectory-generator/baseline-artifacts/cases/cases/solver_options/solveroptions_MBH_RNG_seed/solveroptions_MBH_RNG_seed.emtgopt,,,/Users/jacoconradie/Documents/GitHub/Surreal Technologies/evolutionary-mission-trajectory-generator/baseline-artifacts/cases/cases/solver_options/solveroptions_MBH_RNG_seed/run.log,/Users/jacoconradie/Documents/GitHub/Surreal Technologies/evolutionary-mission-trajectory-generator/baseline-artifacts/cases/cases/solver_options/solveroptions_MBH_RNG_seed/compatibility.json,,0.004450916982023045,,,,Unable to execute EMTG: [Errno 2] No such file or directory: '/path/to/IPOPT-enabled-EMTGv9'
solver_options/solveroptions_NLPstepsub1,/Users/jacoconradie/Documents/GitHub/Surreal Technologies/evolutionary-mission-trajectory-generator/testatron/tests/solver_options/solveroptions_NLPstepsub1.emtgopt,dependency_blocked,unreviewed,/Users/jacoconradie/Documents/GitHub/Surreal Technologies/evolutionary-mission-trajectory-generator/baseline-artifacts/cases/cases/solver_options/solveroptions_NLPstepsub1/solveroptions_NLPstepsub1.emtgopt,,,/Users/jacoconradie/Documents/GitHub/Surreal Technologies/evolutionary-mission-trajectory-generator/baseline-artifacts/cases/cases/solver_options/solveroptions_NLPstepsub1/run.log,/Users/jacoconradie/Documents/GitHub/Surreal Technologies/evolutionary-mission-trajectory-generator/baseline-artifacts/cases/cases/solver_options/solveroptions_NLPstepsub1/compatibility.json,,0.0020634999964386225,,,,Unable to execute EMTG: [Errno 2] No such file or directory: '/path/to/IPOPT-enabled-EMTGv9'
solver_options/solveroptions_noChaperone,/Users/jacoconradie/Documents/GitHub/Surreal Technologies/evolutionary-mission-trajectory-generator/testatron/tests/solver_options/solveroptions_noChaperone.emtgopt,dependency_blocked,unreviewed,/Users/jacoconradie/Documents/GitHub/Surreal Technologies/evolutionary-mission-trajectory-generator/baseline-artifacts/cases/cases/solver_options/solveroptions_noChaperone/solveroptions_noChaperone.emtgopt,,,/Users/jacoconradie/Documents/GitHub/Surreal Technologies/evolutionary-mission-trajectory-generator/baseline-artifacts/cases/cases/solver_options/solveroptions_noChaperone/run.log,/Users/jacoconradie/Documents/GitHub/Surreal Technologies/evolutionary-mission-trajectory-generator/baseline-artifacts/cases/cases/solver_options/solveroptions_noChaperone/compatibility.json,,0.002219957998022437,,,,Unable to execute EMTG: [Errno 2] No such file or directory: '/path/to/IPOPT-enabled-EMTGv9'
solver_options/solveroptions_skip1stNLP,/Users/jacoconradie/Documents/GitHub/Surreal Technologies/evolutionary-mission-trajectory-generator/testatron/tests/solver_options/solveroptions_skip1stNLP.emtgopt,dependency_blocked,unreviewed,/Users/jacoconradie/Documents/GitHub/Surreal Technologies/evolutionary-mission-trajectory-generator/baseline-artifacts/cases/cases/solver_options/solveroptions_skip1stNLP/solveroptions_skip1stNLP.emtgopt,,,/Users/jacoconradie/Documents/GitHub/Surreal Technologies/evolutionary-mission-trajectory-generator/baseline-artifacts/cases/cases/solver_options/solveroptions_skip1stNLP/run.log,/Users/jacoconradie/Documents/GitHub/Surreal Technologies/evolutionary-mission-trajectory-generator/baseline-artifacts/cases/cases/solver_options/solveroptions_skip1stNLP/compatibility.json,,0.0021440830023493618,,,,Unable to execute EMTG: [Errno 2] No such file or directory: '/path/to/IPOPT-enabled-EMTGv9'
spacecraft_options/Earth_to_SmallBody_SAM_RTG,/Users/jacoconradie/Documents/GitHub/Surreal Technologies/evolutionary-mission-trajectory-generator/testatron/tests/spacecraft_options/Earth_to_SmallBody_SAM_RTG.emtgopt,dependency_blocked,unreviewed,/Users/jacoconradie/Documents/GitHub/Surreal Technologies/evolutionary-mission-trajectory-generator/baseline-artifacts/cases/cases/spacecraft_options/Earth_to_SmallBody_SAM_RTG/Earth_to_SmallBody_SAM_RTG.emtgopt,,,/Users/jacoconradie/Documents/GitHub/Surreal Technologies/evolutionary-mission-trajectory-generator/baseline-artifacts/cases/cases/spacecraft_options/Earth_to_SmallBody_SAM_RTG/run.log,/Users/jacoconradie/Documents/GitHub/Surreal Technologies/evolutionary-mission-trajectory-generator/baseline-artifacts/cases/cases/spacecraft_options/Earth_to_SmallBody_SAM_RTG/compatibility.json,,0.002691583998966962,,,,Unable to execute EMTG: [Errno 2] No such file or directory: '/path/to/IPOPT-enabled-EMTGv9'
spacecraft_options/Earth_to_SmallBody_SAM_solar_power,/Users/jacoconradie/Documents/GitHub/Surreal Technologies/evolutionary-mission-trajectory-generator/testatron/tests/spacecraft_options/Earth_to_SmallBody_SAM_solar_power.emtgopt,dependency_blocked,unreviewed,/Users/jacoconradie/Documents/GitHub/Surreal Technologies/evolutionary-mission-trajectory-generator/baseline-artifacts/cases/cases/spacecraft_options/Earth_to_SmallBody_SAM_solar_power/Earth_to_SmallBody_SAM_solar_power.emtgopt,,,/Users/jacoconradie/Documents/GitHub/Surreal Technologies/evolutionary-mission-trajectory-generator/baseline-artifacts/cases/cases/spacecraft_options/Earth_to_SmallBody_SAM_solar_power/run.log,/Users/jacoconradie/Documents/GitHub/Surreal Technologies/evolutionary-mission-trajectory-generator/baseline-artifacts/cases/cases/spacecraft_options/Earth_to_SmallBody_SAM_solar_power/compatibility.json,,0.001352249993942678,,,,Unable to execute EMTG: [Errno 2] No such file or directory: '/path/to/IPOPT-enabled-EMTGv9'
spacecraft_options/default_SCfile_PM,/Users/jacoconradie/Documents/GitHub/Surreal Technologies/evolutionary-mission-trajectory-generator/testatron/tests/spacecraft_options/default_SCfile_PM.emtgopt,dependency_blocked,unreviewed,/Users/jacoconradie/Documents/GitHub/Surreal Technologies/evolutionary-mission-trajectory-generator/baseline-artifacts/cases/cases/spacecraft_options/default_SCfile_PM/default_SCfile_PM.emtgopt,,,/Users/jacoconradie/Documents/GitHub/Surreal Technologies/evolutionary-mission-trajectory-generator/baseline-artifacts/cases/cases/spacecraft_options/default_SCfile_PM/run.log,/Users/jacoconradie/Documents/GitHub/Surreal Technologies/evolutionary-mission-trajectory-generator/baseline-artifacts/cases/cases/spacecraft_options/default_SCfile_PM/compatibility.json,,0.0018967500072903931,,,,Unable to execute EMTG: [Errno 2] No such file or directory: '/path/to/IPOPT-enabled-EMTGv9'
spacecraft_options/spacecraft_LT_multiStage_spacecraftFile,/Users/jacoconradie/Documents/GitHub/Surreal Technologies/evolutionary-mission-trajectory-generator/testatron/tests/spacecraft_options/spacecraft_LT_multiStage_spacecraftFile.emtgopt,dependency_blocked,unreviewed,/Users/jacoconradie/Documents/GitHub/Surreal Technologies/evolutionary-mission-trajectory-generator/baseline-artifacts/cases/cases/spacecraft_options/spacecraft_LT_multiStage_spacecraftFile/spacecraft_LT_multiStage_spacecraftFile.emtgopt,,,/Users/jacoconradie/Documents/GitHub/Surreal Technologies/evolutionary-mission-trajectory-generator/baseline-artifacts/cases/cases/spacecraft_options/spacecraft_LT_multiStage_spacecraftFile/run.log,/Users/jacoconradie/Documents/GitHub/Surreal Technologies/evolutionary-mission-trajectory-generator/baseline-artifacts/cases/cases/spacecraft_options/spacecraft_LT_multiStage_spacecraftFile/compatibility.json,,0.0014959170075599104,,,,Unable to execute EMTG: [Errno 2] No such file or directory: '/path/to/IPOPT-enabled-EMTGv9'
spacecraft_options/spacecraft_LT_powerFile,/Users/jacoconradie/Documents/GitHub/Surreal Technologies/evolutionary-mission-trajectory-generator/testatron/tests/spacecraft_options/spacecraft_LT_powerFile.emtgopt,dependency_blocked,unreviewed,/Users/jacoconradie/Documents/GitHub/Surreal Technologies/evolutionary-mission-trajectory-generator/baseline-artifacts/cases/cases/spacecraft_options/spacecraft_LT_powerFile/spacecraft_LT_powerFile.emtgopt,,,/Users/jacoconradie/Documents/GitHub/Surreal Technologies/evolutionary-mission-trajectory-generator/baseline-artifacts/cases/cases/spacecraft_options/spacecraft_LT_powerFile/run.log,/Users/jacoconradie/Documents/GitHub/Surreal Technologies/evolutionary-mission-trajectory-generator/baseline-artifacts/cases/cases/spacecraft_options/spacecraft_LT_powerFile/compatibility.json,,0.0012898749846499413,,,,Unable to execute EMTG: [Errno 2] No such file or directory: '/path/to/IPOPT-enabled-EMTGv9'
spacecraft_options/spacecraft_LT_propFile,/Users/jacoconradie/Documents/GitHub/Surreal Technologies/evolutionary-mission-trajectory-generator/testatron/tests/spacecraft_options/spacecraft_LT_propFile.emtgopt,dependency_blocked,unreviewed,/Users/jacoconradie/Documents/GitHub/Surreal Technologies/evolutionary-mission-trajectory-generator/baseline-artifacts/cases/cases/spacecraft_options/spacecraft_LT_propFile/spacecraft_LT_propFile.emtgopt,,,/Users/jacoconradie/Documents/GitHub/Surreal Technologies/evolutionary-mission-trajectory-generator/baseline-artifacts/cases/cases/spacecraft_options/spacecraft_LT_propFile/run.log,/Users/jacoconradie/Documents/GitHub/Surreal Technologies/evolutionary-mission-trajectory-generator/baseline-artifacts/cases/cases/spacecraft_options/spacecraft_LT_propFile/compatibility.json,,0.0029035420157015324,,,,Unable to execute EMTG: [Errno 2] No such file or directory: '/path/to/IPOPT-enabled-EMTGv9'
spacecraft_options/spacecraft_LT_spacecraftFile,/Users/jacoconradie/Documents/GitHub/Surreal Technologies/evolutionary-mission-trajectory-generator/testatron/tests/spacecraft_options/spacecraft_LT_spacecraftFile.emtgopt,dependency_blocked,unreviewed,/Users/jacoconradie/Documents/GitHub/Surreal Technologies/evolutionary-mission-trajectory-generator/baseline-artifacts/cases/cases/spacecraft_options/spacecraft_LT_spacecraftFile/spacecraft_LT_spacecraftFile.emtgopt,,,/Users/jacoconradie/Documents/GitHub/Surreal Technologies/evolutionary-mission-trajectory-generator/baseline-artifacts/cases/cases/spacecraft_options/spacecraft_LT_spacecraftFile/run.log,/Users/jacoconradie/Documents/GitHub/Surreal Technologies/evolutionary-mission-trajectory-generator/baseline-artifacts/cases/cases/spacecraft_options/spacecraft_LT_spacecraftFile/compatibility.json,,0.002360374986892566,,,,Unable to execute EMTG: [Errno 2] No such file or directory: '/path/to/IPOPT-enabled-EMTGv9'
spacecraft_options/spacecraftoptions_Chem_TrackACSProp,/Users/jacoconradie/Documents/GitHub/Surreal Technologies/evolutionary-mission-trajectory-generator/testatron/tests/spacecraft_options/spacecraftoptions_Chem_TrackACSProp.emtgopt,dependency_blocked,unreviewed,/Users/jacoconradie/Documents/GitHub/Surreal Technologies/evolutionary-mission-trajectory-generator/baseline-artifacts/cases/cases/spacecraft_options/spacecraftoptions_Chem_TrackACSProp/spacecraftoptions_Chem_TrackACSProp.emtgopt,,,/Users/jacoconradie/Documents/GitHub/Surreal Technologies/evolutionary-mission-trajectory-generator/baseline-artifacts/cases/cases/spacecraft_options/spacecraftoptions_Chem_TrackACSProp/run.log,/Users/jacoconradie/Documents/GitHub/Surreal Technologies/evolutionary-mission-trajectory-generator/baseline-artifacts/cases/cases/spacecraft_options/spacecraftoptions_Chem_TrackACSProp/compatibility.json,,0.002890833013225347,,,,Unable to execute EMTG: [Errno 2] No such file or directory: '/path/to/IPOPT-enabled-EMTGv9'
spacecraft_options/spacecraftoptions_Chemmargin,/Users/jacoconradie/Documents/GitHub/Surreal Technologies/evolutionary-mission-trajectory-generator/testatron/tests/spacecraft_options/spacecraftoptions_Chemmargin.emtgopt,dependency_blocked,unreviewed,/Users/jacoconradie/Documents/GitHub/Surreal Technologies/evolutionary-mission-trajectory-generator/baseline-artifacts/cases/cases/spacecraft_options/spacecraftoptions_Chemmargin/spacecraftoptions_Chemmargin.emtgopt,,,/Users/jacoconradie/Documents/GitHub/Surreal Technologies/evolutionary-mission-trajectory-generator/baseline-artifacts/cases/cases/spacecraft_options/spacecraftoptions_Chemmargin/run.log,/Users/jacoconradie/Documents/GitHub/Surreal Technologies/evolutionary-mission-trajectory-generator/baseline-artifacts/cases/cases/spacecraft_options/spacecraftoptions_Chemmargin/compatibility.json,,0.00187312500202097,,,,Unable to execute EMTG: [Errno 2] No such file or directory: '/path/to/IPOPT-enabled-EMTGv9'
spacecraft_options/spacecraftoptions_LT_Emargin,/Users/jacoconradie/Documents/GitHub/Surreal Technologies/evolutionary-mission-trajectory-generator/testatron/tests/spacecraft_options/spacecraftoptions_LT_Emargin.emtgopt,dependency_blocked,unreviewed,/Users/jacoconradie/Documents/GitHub/Surreal Technologies/evolutionary-mission-trajectory-generator/baseline-artifacts/cases/cases/spacecraft_options/spacecraftoptions_LT_Emargin/spacecraftoptions_LT_Emargin.emtgopt,,,/Users/jacoconradie/Documents/GitHub/Surreal Technologies/evolutionary-mission-trajectory-generator/baseline-artifacts/cases/cases/spacecraft_options/spacecraftoptions_LT_Emargin/run.log,/Users/jacoconradie/Documents/GitHub/Surreal Technologies/evolutionary-mission-trajectory-generator/baseline-artifacts/cases/cases/spacecraft_options/spacecraftoptions_LT_Emargin/compatibility.json,,0.0026325840153731406,,,,Unable to execute EMTG: [Errno 2] No such file or directory: '/path/to/IPOPT-enabled-EMTGv9'
spacecraft_options/spacecraftoptions_LT_ThrotMaxThrusters,/Users/jacoconradie/Documents/GitHub/Surreal Technologies/evolutionary-mission-trajectory-generator/testatron/tests/spacecraft_options/spacecraftoptions_LT_ThrotMaxThrusters.emtgopt,dependency_blocked,unreviewed,/Users/jacoconradie/Documents/GitHub/Surreal Technologies/evolutionary-mission-trajectory-generator/baseline-artifacts/cases/cases/spacecraft_options/spacecraftoptions_LT_ThrotMaxThrusters/spacecraftoptions_LT_ThrotMaxThrusters.emtgopt,,,/Users/jacoconradie/Documents/GitHub/Surreal Technologies/evolutionary-mission-trajectory-generator/baseline-artifacts/cases/cases/spacecraft_options/spacecraftoptions_LT_ThrotMaxThrusters/run.log,/Users/jacoconradie/Documents/GitHub/Surreal Technologies/evolutionary-mission-trajectory-generator/baseline-artifacts/cases/cases/spacecraft_options/spacecraftoptions_LT_ThrotMaxThrusters/compatibility.json,,0.0017357499746140093,,,,Unable to execute EMTG: [Errno 2] No such file or directory: '/path/to/IPOPT-enabled-EMTGv9'
spacecraft_options/spacecraftoptions_LT_ThrotMinThrusters,/Users/jacoconradie/Documents/GitHub/Surreal Technologies/evolutionary-mission-trajectory-generator/testatron/tests/spacecraft_options/spacecraftoptions_LT_ThrotMinThrusters.emtgopt,dependency_blocked,unreviewed,/Users/jacoconradie/Documents/GitHub/Surreal Technologies/evolutionary-mission-trajectory-generator/baseline-artifacts/cases/cases/spacecraft_options/spacecraftoptions_LT_ThrotMinThrusters/spacecraftoptions_LT_ThrotMinThrusters.emtgopt,,,/Users/jacoconradie/Documents/GitHub/Surreal Technologies/evolutionary-mission-trajectory-generator/baseline-artifacts/cases/cases/spacecraft_options/spacecraftoptions_LT_ThrotMinThrusters/run.log,/Users/jacoconradie/Documents/GitHub/Surreal Technologies/evolutionary-mission-trajectory-generator/baseline-artifacts/cases/cases/spacecraft_options/spacecraftoptions_LT_ThrotMinThrusters/compatibility.json,,0.0014538329851347953,,,,Unable to execute EMTG: [Errno 2] No such file or directory: '/path/to/IPOPT-enabled-EMTGv9'
spacecraft_options/spacecraftoptions_LT_ThrotSharpness,/Users/jacoconradie/Documents/GitHub/Surreal Technologies/evolutionary-mission-trajectory-generator/testatron/tests/spacecraft_options/spacecraftoptions_LT_ThrotSharpness.emtgopt,dependency_blocked,unreviewed,/Users/jacoconradie/Documents/GitHub/Surreal Technologies/evolutionary-mission-trajectory-generator/baseline-artifacts/cases/cases/spacecraft_options/spacecraftoptions_LT_ThrotSharpness/spacecraftoptions_LT_ThrotSharpness.emtgopt,,,/Users/jacoconradie/Documents/GitHub/Surreal Technologies/evolutionary-mission-trajectory-generator/baseline-artifacts/cases/cases/spacecraft_options/spacecraftoptions_LT_ThrotSharpness/run.log,/Users/jacoconradie/Documents/GitHub/Surreal Technologies/evolutionary-mission-trajectory-generator/baseline-artifacts/cases/cases/spacecraft_options/spacecraftoptions_LT_ThrotSharpness/compatibility.json,,0.0014399579958990216,,,,Unable to execute EMTG: [Errno 2] No such file or directory: '/path/to/IPOPT-enabled-EMTGv9'
spacecraft_options/spacecraftoptions_LT_TrackACSProp,/Users/jacoconradie/Documents/GitHub/Surreal Technologies/evolutionary-mission-trajectory-generator/testatron/tests/spacecraft_options/spacecraftoptions_LT_TrackACSProp.emtgopt,dependency_blocked,unreviewed,/Users/jacoconradie/Documents/GitHub/Surreal Technologies/evolutionary-mission-trajectory-generator/baseline-artifacts/cases/cases/spacecraft_options/spacecraftoptions_LT_TrackACSProp/spacecraftoptions_LT_TrackACSProp.emtgopt,,,/Users/jacoconradie/Documents/GitHub/Surreal Technologies/evolutionary-mission-trajectory-generator/baseline-artifacts/cases/cases/spacecraft_options/spacecraftoptions_LT_TrackACSProp/run.log,/Users/jacoconradie/Documents/GitHub/Surreal Technologies/evolutionary-mission-trajectory-generator/baseline-artifacts/cases/cases/spacecraft_options/spacecraftoptions_LT_TrackACSProp/compatibility.json,,0.0017344169900752604,,,,Unable to execute EMTG: [Errno 2] No such file or directory: '/path/to/IPOPT-enabled-EMTGv9'
spacecraft_options/spacecraftoptions_LT_eng0,/Users/jacoconradie/Documents/GitHub/Surreal Technologies/evolutionary-mission-trajectory-generator/testatron/tests/spacecraft_options/spacecraftoptions_LT_eng0.emtgopt,dependency_blocked,unreviewed,/Users/jacoconradie/Documents/GitHub/Surreal Technologies/evolutionary-mission-trajectory-generator/baseline-artifacts/cases/cases/spacecraft_options/spacecraftoptions_LT_eng0/spacecraftoptions_LT_eng0.emtgopt,,,/Users/jacoconradie/Documents/GitHub/Surreal Technologies/evolutionary-mission-trajectory-generator/baseline-artifacts/cases/cases/spacecraft_options/spacecraftoptions_LT_eng0/run.log,/Users/jacoconradie/Documents/GitHub/Surreal Technologies/evolutionary-mission-trajectory-generator/baseline-artifacts/cases/cases/spacecraft_options/spacecraftoptions_LT_eng0/compatibility.json,,0.0022493749856948853,,,,Unable to execute EMTG: [Errno 2] No such file or directory: '/path/to/IPOPT-enabled-EMTGv9'
spacecraft_options/spacecraftoptions_LT_eng3,/Users/jacoconradie/Documents/GitHub/Surreal Technologies/evolutionary-mission-trajectory-generator/testatron/tests/spacecraft_options/spacecraftoptions_LT_eng3.emtgopt,dependency_blocked,unreviewed,/Users/jacoconradie/Documents/GitHub/Surreal Technologies/evolutionary-mission-trajectory-generator/baseline-artifacts/cases/cases/spacecraft_options/spacecraftoptions_LT_eng3/spacecraftoptions_LT_eng3.emtgopt,,,/Users/jacoconradie/Documents/GitHub/Surreal Technologies/evolutionary-mission-trajectory-generator/baseline-artifacts/cases/cases/spacecraft_options/spacecraftoptions_LT_eng3/run.log,/Users/jacoconradie/Documents/GitHub/Surreal Technologies/evolutionary-mission-trajectory-generator/baseline-artifacts/cases/cases/spacecraft_options/spacecraftoptions_LT_eng3/compatibility.json,,0.0018027500191237777,,,,Unable to execute EMTG: [Errno 2] No such file or directory: '/path/to/IPOPT-enabled-EMTGv9'
spacecraft_options/spacecraftoptions_LT_eng3_polyArray,/Users/jacoconradie/Documents/GitHub/Surreal Technologies/evolutionary-mission-trajectory-generator/testatron/tests/spacecraft_options/spacecraftoptions_LT_eng3_polyArray.emtgopt,dependency_blocked,unreviewed,/Users/jacoconradie/Documents/GitHub/Surreal Technologies/evolutionary-mission-trajectory-generator/baseline-artifacts/cases/cases/spacecraft_options/spacecraftoptions_LT_eng3_polyArray/spacecraftoptions_LT_eng3_polyArray.emtgopt,,,/Users/jacoconradie/Documents/GitHub/Surreal Technologies/evolutionary-mission-trajectory-generator/baseline-artifacts/cases/cases/spacecraft_options/spacecraftoptions_LT_eng3_polyArray/run.log,/Users/jacoconradie/Documents/GitHub/Surreal Technologies/evolutionary-mission-trajectory-generator/baseline-artifacts/cases/cases/spacecraft_options/spacecraftoptions_LT_eng3_polyArray/compatibility.json,,0.0014935829967726022,,,,Unable to execute EMTG: [Errno 2] No such file or directory: '/path/to/IPOPT-enabled-EMTGv9'
spacecraft_options/spacecraftoptions_LT_eng3_powmod1,/Users/jacoconradie/Documents/GitHub/Surreal Technologies/evolutionary-mission-trajectory-generator/testatron/tests/spacecraft_options/spacecraftoptions_LT_eng3_powmod1.emtgopt,dependency_blocked,unreviewed,/Users/jacoconradie/Documents/GitHub/Surreal Technologies/evolutionary-mission-trajectory-generator/baseline-artifacts/cases/cases/spacecraft_options/spacecraftoptions_LT_eng3_powmod1/spacecraftoptions_LT_eng3_powmod1.emtgopt,,,/Users/jacoconradie/Documents/GitHub/Surreal Technologies/evolutionary-mission-trajectory-generator/baseline-artifacts/cases/cases/spacecraft_options/spacecraftoptions_LT_eng3_powmod1/run.log,/Users/jacoconradie/Documents/GitHub/Surreal Technologies/evolutionary-mission-trajectory-generator/baseline-artifacts/cases/cases/spacecraft_options/spacecraftoptions_LT_eng3_powmod1/compatibility.json,,0.0015919579891487956,,,,Unable to execute EMTG: [Errno 2] No such file or directory: '/path/to/IPOPT-enabled-EMTGv9'
spacecraft_options/spacecraftoptions_LT_eng5,/Users/jacoconradie/Documents/GitHub/Surreal Technologies/evolutionary-mission-trajectory-generator/testatron/tests/spacecraft_options/spacecraftoptions_LT_eng5.emtgopt,dependency_blocked,unreviewed,/Users/jacoconradie/Documents/GitHub/Surreal Technologies/evolutionary-mission-trajectory-generator/baseline-artifacts/cases/cases/spacecraft_options/spacecraftoptions_LT_eng5/spacecraftoptions_LT_eng5.emtgopt,,,/Users/jacoconradie/Documents/GitHub/Surreal Technologies/evolutionary-mission-trajectory-generator/baseline-artifacts/cases/cases/spacecraft_options/spacecraftoptions_LT_eng5/run.log,/Users/jacoconradie/Documents/GitHub/Surreal Technologies/evolutionary-mission-trajectory-generator/baseline-artifacts/cases/cases/spacecraft_options/spacecraftoptions_LT_eng5/compatibility.json,,0.0019837080035358667,,,,Unable to execute EMTG: [Errno 2] No such file or directory: '/path/to/IPOPT-enabled-EMTGv9'
spacecraft_options/spacecraftoptions_LT_maxEprop,/Users/jacoconradie/Documents/GitHub/Surreal Technologies/evolutionary-mission-trajectory-generator/testatron/tests/spacecraft_options/spacecraftoptions_LT_maxEprop.emtgopt,dependency_blocked,unreviewed,/Users/jacoconradie/Documents/GitHub/Surreal Technologies/evolutionary-mission-trajectory-generator/baseline-artifacts/cases/cases/spacecraft_options/spacecraftoptions_LT_maxEprop/spacecraftoptions_LT_maxEprop.emtgopt,,,/Users/jacoconradie/Documents/GitHub/Surreal Technologies/evolutionary-mission-trajectory-generator/baseline-artifacts/cases/cases/spacecraft_options/spacecraftoptions_LT_maxEprop/run.log,/Users/jacoconradie/Documents/GitHub/Surreal Technologies/evolutionary-mission-trajectory-generator/baseline-artifacts/cases/cases/spacecraft_options/spacecraftoptions_LT_maxEprop/compatibility.json,,0.0015434999950230122,,,,Unable to execute EMTG: [Errno 2] No such file or directory: '/path/to/IPOPT-enabled-EMTGv9'
spacecraft_options/spacecraftoptions_LT_powdecay,/Users/jacoconradie/Documents/GitHub/Surreal Technologies/evolutionary-mission-trajectory-generator/testatron/tests/spacecraft_options/spacecraftoptions_LT_powdecay.emtgopt,dependency_blocked,unreviewed,/Users/jacoconradie/Documents/GitHub/Surreal Technologies/evolutionary-mission-trajectory-generator/baseline-artifacts/cases/cases/spacecraft_options/spacecraftoptions_LT_powdecay/spacecraftoptions_LT_powdecay.emtgopt,,,/Users/jacoconradie/Documents/GitHub/Surreal Technologies/evolutionary-mission-trajectory-generator/baseline-artifacts/cases/cases/spacecraft_options/spacecraftoptions_LT_powdecay/run.log,/Users/jacoconradie/Documents/GitHub/Surreal Technologies/evolutionary-mission-trajectory-generator/baseline-artifacts/cases/cases/spacecraft_options/spacecraftoptions_LT_powdecay/compatibility.json,,0.0012799579999409616,,,,Unable to execute EMTG: [Errno 2] No such file or directory: '/path/to/IPOPT-enabled-EMTGv9'
spacecraft_options/spacecraftoptions_LT_powsrc0,/Users/jacoconradie/Documents/GitHub/Surreal Technologies/evolutionary-mission-trajectory-generator/testatron/tests/spacecraft_options/spacecraftoptions_LT_powsrc0.emtgopt,dependency_blocked,unreviewed,/Users/jacoconradie/Documents/GitHub/Surreal Technologies/evolutionary-mission-trajectory-generator/baseline-artifacts/cases/cases/spacecraft_options/spacecraftoptions_LT_powsrc0/spacecraftoptions_LT_powsrc0.emtgopt,,,/Users/jacoconradie/Documents/GitHub/Surreal Technologies/evolutionary-mission-trajectory-generator/baseline-artifacts/cases/cases/spacecraft_options/spacecraftoptions_LT_powsrc0/run.log,/Users/jacoconradie/Documents/GitHub/Surreal Technologies/evolutionary-mission-trajectory-generator/baseline-artifacts/cases/cases/spacecraft_options/spacecraftoptions_LT_powsrc0/compatibility.json,,0.0022053330030757934,,,,Unable to execute EMTG: [Errno 2] No such file or directory: '/path/to/IPOPT-enabled-EMTGv9'
spacecraft_options/spacecraftoptions_LV_FixedInitMass,/Users/jacoconradie/Documents/GitHub/Surreal Technologies/evolutionary-mission-trajectory-generator/testatron/tests/spacecraft_options/spacecraftoptions_LV_FixedInitMass.emtgopt,dependency_blocked,unreviewed,/Users/jacoconradie/Documents/GitHub/Surreal Technologies/evolutionary-mission-trajectory-generator/baseline-artifacts/cases/cases/spacecraft_options/spacecraftoptions_LV_FixedInitMass/spacecraftoptions_LV_FixedInitMass.emtgopt,,,/Users/jacoconradie/Documents/GitHub/Surreal Technologies/evolutionary-mission-trajectory-generator/baseline-artifacts/cases/cases/spacecraft_options/spacecraftoptions_LV_FixedInitMass/run.log,/Users/jacoconradie/Documents/GitHub/Surreal Technologies/evolutionary-mission-trajectory-generator/baseline-artifacts/cases/cases/spacecraft_options/spacecraftoptions_LV_FixedInitMass/compatibility.json,,0.0014338330074679106,,,,Unable to execute EMTG: [Errno 2] No such file or directory: '/path/to/IPOPT-enabled-EMTGv9'
spacecraft_options/spacecraftoptions_LVmargin,/Users/jacoconradie/Documents/GitHub/Surreal Technologies/evolutionary-mission-trajectory-generator/testatron/tests/spacecraft_options/spacecraftoptions_LVmargin.emtgopt,dependency_blocked,unreviewed,/Users/jacoconradie/Documents/GitHub/Surreal Technologies/evolutionary-mission-trajectory-generator/baseline-artifacts/cases/cases/spacecraft_options/spacecraftoptions_LVmargin/spacecraftoptions_LVmargin.emtgopt,,,/Users/jacoconradie/Documents/GitHub/Surreal Technologies/evolutionary-mission-trajectory-generator/baseline-artifacts/cases/cases/spacecraft_options/spacecraftoptions_LVmargin/run.log,/Users/jacoconradie/Documents/GitHub/Surreal Technologies/evolutionary-mission-trajectory-generator/baseline-artifacts/cases/cases/spacecraft_options/spacecraftoptions_LVmargin/compatibility.json,,0.0013427080120891333,,,,Unable to execute EMTG: [Errno 2] No such file or directory: '/path/to/IPOPT-enabled-EMTGv9'
spacecraft_options/spacecraftoptions_chemPropTankConstr,/Users/jacoconradie/Documents/GitHub/Surreal Technologies/evolutionary-mission-trajectory-generator/testatron/tests/spacecraft_options/spacecraftoptions_chemPropTankConstr.emtgopt,dependency_blocked,unreviewed,/Users/jacoconradie/Documents/GitHub/Surreal Technologies/evolutionary-mission-trajectory-generator/baseline-artifacts/cases/cases/spacecraft_options/spacecraftoptions_chemPropTankConstr/spacecraftoptions_chemPropTankConstr.emtgopt,,,/Users/jacoconradie/Documents/GitHub/Surreal Technologies/evolutionary-mission-trajectory-generator/baseline-artifacts/cases/cases/spacecraft_options/spacecraftoptions_chemPropTankConstr/run.log,/Users/jacoconradie/Documents/GitHub/Surreal Technologies/evolutionary-mission-trajectory-generator/baseline-artifacts/cases/cases/spacecraft_options/spacecraftoptions_chemPropTankConstr/compatibility.json,,0.0013017920136917382,,,,Unable to execute EMTG: [Errno 2] No such file or directory: '/path/to/IPOPT-enabled-EMTGv9'
spacecraft_options/spacecraftoptions_dutyCycle,/Users/jacoconradie/Documents/GitHub/Surreal Technologies/evolutionary-mission-trajectory-generator/testatron/tests/spacecraft_options/spacecraftoptions_dutyCycle.emtgopt,dependency_blocked,unreviewed,/Users/jacoconradie/Documents/GitHub/Surreal Technologies/evolutionary-mission-trajectory-generator/baseline-artifacts/cases/cases/spacecraft_options/spacecraftoptions_dutyCycle/spacecraftoptions_dutyCycle.emtgopt,,,/Users/jacoconradie/Documents/GitHub/Surreal Technologies/evolutionary-mission-trajectory-generator/baseline-artifacts/cases/cases/spacecraft_options/spacecraftoptions_dutyCycle/run.log,/Users/jacoconradie/Documents/GitHub/Surreal Technologies/evolutionary-mission-trajectory-generator/baseline-artifacts/cases/cases/spacecraft_options/spacecraftoptions_dutyCycle/compatibility.json,,0.0023231249942909926,,,,Unable to execute EMTG: [Errno 2] No such file or directory: '/path/to/IPOPT-enabled-EMTGv9'
spacecraft_options/spacecraftoptions_dutyCycleReal,/Users/jacoconradie/Documents/GitHub/Surreal Technologies/evolutionary-mission-trajectory-generator/testatron/tests/spacecraft_options/spacecraftoptions_dutyCycleReal.emtgopt,dependency_blocked,unreviewed,/Users/jacoconradie/Documents/GitHub/Surreal Technologies/evolutionary-mission-trajectory-generator/baseline-artifacts/cases/cases/spacecraft_options/spacecraftoptions_dutyCycleReal/spacecraftoptions_dutyCycleReal.emtgopt,,,/Users/jacoconradie/Documents/GitHub/Surreal Technologies/evolutionary-mission-trajectory-generator/baseline-artifacts/cases/cases/spacecraft_options/spacecraftoptions_dutyCycleReal/run.log,/Users/jacoconradie/Documents/GitHub/Surreal Technologies/evolutionary-mission-trajectory-generator/baseline-artifacts/cases/cases/spacecraft_options/spacecraftoptions_dutyCycleReal/compatibility.json,,0.0014097910025157034,,,,Unable to execute EMTG: [Errno 2] No such file or directory: '/path/to/IPOPT-enabled-EMTGv9'
spacecraft_options/spacecraftoptions_maxChemOx,/Users/jacoconradie/Documents/GitHub/Surreal Technologies/evolutionary-mission-trajectory-generator/testatron/tests/spacecraft_options/spacecraftoptions_maxChemOx.emtgopt,dependency_blocked,unreviewed,/Users/jacoconradie/Documents/GitHub/Surreal Technologies/evolutionary-mission-trajectory-generator/baseline-artifacts/cases/cases/spacecraft_options/spacecraftoptions_maxChemOx/spacecraftoptions_maxChemOx.emtgopt,,,/Users/jacoconradie/Documents/GitHub/Surreal Technologies/evolutionary-mission-trajectory-generator/baseline-artifacts/cases/cases/spacecraft_options/spacecraftoptions_maxChemOx/run.log,/Users/jacoconradie/Documents/GitHub/Surreal Technologies/evolutionary-mission-trajectory-generator/baseline-artifacts/cases/cases/spacecraft_options/spacecraftoptions_maxChemOx/compatibility.json,,0.0014597080007661134,,,,Unable to execute EMTG: [Errno 2] No such file or directory: '/path/to/IPOPT-enabled-EMTGv9'
spacecraft_options/spacecraftoptions_powMargin,/Users/jacoconradie/Documents/GitHub/Surreal Technologies/evolutionary-mission-trajectory-generator/testatron/tests/spacecraft_options/spacecraftoptions_powMargin.emtgopt,dependency_blocked,unreviewed,/Users/jacoconradie/Documents/GitHub/Surreal Technologies/evolutionary-mission-trajectory-generator/baseline-artifacts/cases/cases/spacecraft_options/spacecraftoptions_powMargin/spacecraftoptions_powMargin.emtgopt,,,/Users/jacoconradie/Documents/GitHub/Surreal Technologies/evolutionary-mission-trajectory-generator/baseline-artifacts/cases/cases/spacecraft_options/spacecraftoptions_powMargin/run.log,/Users/jacoconradie/Documents/GitHub/Surreal Technologies/evolutionary-mission-trajectory-generator/baseline-artifacts/cases/cases/spacecraft_options/spacecraftoptions_powMargin/compatibility.json,,0.001882250013295561,,,,Unable to execute EMTG: [Errno 2] No such file or directory: '/path/to/IPOPT-enabled-EMTGv9'
spacecraft_options/spacecraftoptions_varinitmass,/Users/jacoconradie/Documents/GitHub/Surreal Technologies/evolutionary-mission-trajectory-generator/testatron/tests/spacecraft_options/spacecraftoptions_varinitmass.emtgopt,dependency_blocked,unreviewed,/Users/jacoconradie/Documents/GitHub/Surreal Technologies/evolutionary-mission-trajectory-generator/baseline-artifacts/cases/cases/spacecraft_options/spacecraftoptions_varinitmass/spacecraftoptions_varinitmass.emtgopt,,,/Users/jacoconradie/Documents/GitHub/Surreal Technologies/evolutionary-mission-trajectory-generator/baseline-artifacts/cases/cases/spacecraft_options/spacecraftoptions_varinitmass/run.log,/Users/jacoconradie/Documents/GitHub/Surreal Technologies/evolutionary-mission-trajectory-generator/baseline-artifacts/cases/cases/spacecraft_options/spacecraftoptions_varinitmass/compatibility.json,,0.0022229159949347377,,,,Unable to execute EMTG: [Errno 2] No such file or directory: '/path/to/IPOPT-enabled-EMTGv9'
state_representation_tests/FreePointArrival_IncomingBplaneRpTA_testatron,/Users/jacoconradie/Documents/GitHub/Surreal Technologies/evolutionary-mission-trajectory-generator/testatron/tests/state_representation_tests/FreePointArrival_IncomingBplaneRpTA_testatron.emtgopt,dependency_blocked,unreviewed,/Users/jacoconradie/Documents/GitHub/Surreal Technologies/evolutionary-mission-trajectory-generator/baseline-artifacts/cases/cases/state_representation_tests/FreePointArrival_IncomingBplaneRpTA_testatron/FreePointArrival_IncomingBplaneRpTA_testatron.emtgopt,,,/Users/jacoconradie/Documents/GitHub/Surreal Technologies/evolutionary-mission-trajectory-generator/baseline-artifacts/cases/cases/state_representation_tests/FreePointArrival_IncomingBplaneRpTA_testatron/run.log,/Users/jacoconradie/Documents/GitHub/Surreal Technologies/evolutionary-mission-trajectory-generator/baseline-artifacts/cases/cases/state_representation_tests/FreePointArrival_IncomingBplaneRpTA_testatron/compatibility.json,,0.0013890419795643538,,,,Unable to execute EMTG: [Errno 2] No such file or directory: '/path/to/IPOPT-enabled-EMTGv9'
state_representation_tests/FreePointArrival_OutgoingBplaneRpTA_testatron,/Users/jacoconradie/Documents/GitHub/Surreal Technologies/evolutionary-mission-trajectory-generator/testatron/tests/state_representation_tests/FreePointArrival_OutgoingBplaneRpTA_testatron.emtgopt,dependency_blocked,unreviewed,/Users/jacoconradie/Documents/GitHub/Surreal Technologies/evolutionary-mission-trajectory-generator/baseline-artifacts/cases/cases/state_representation_tests/FreePointArrival_OutgoingBplaneRpTA_testatron/FreePointArrival_OutgoingBplaneRpTA_testatron.emtgopt,,,/Users/jacoconradie/Documents/GitHub/Surreal Technologies/evolutionary-mission-trajectory-generator/baseline-artifacts/cases/cases/state_representation_tests/FreePointArrival_OutgoingBplaneRpTA_testatron/run.log,/Users/jacoconradie/Documents/GitHub/Surreal Technologies/evolutionary-mission-trajectory-generator/baseline-artifacts/cases/cases/state_representation_tests/FreePointArrival_OutgoingBplaneRpTA_testatron/compatibility.json,,0.002337832993362099,,,,Unable to execute EMTG: [Errno 2] No such file or directory: '/path/to/IPOPT-enabled-EMTGv9'
state_representation_tests/FreePointDeparture_IncomingBplaneRpTA_testatron,/Users/jacoconradie/Documents/GitHub/Surreal Technologies/evolutionary-mission-trajectory-generator/testatron/tests/state_representation_tests/FreePointDeparture_IncomingBplaneRpTA_testatron.emtgopt,dependency_blocked,unreviewed,/Users/jacoconradie/Documents/GitHub/Surreal Technologies/evolutionary-mission-trajectory-generator/baseline-artifacts/cases/cases/state_representation_tests/FreePointDeparture_IncomingBplaneRpTA_testatron/FreePointDeparture_IncomingBplaneRpTA_testatron.emtgopt,,,/Users/jacoconradie/Documents/GitHub/Surreal Technologies/evolutionary-mission-trajectory-generator/baseline-artifacts/cases/cases/state_representation_tests/FreePointDeparture_IncomingBplaneRpTA_testatron/run.log,/Users/jacoconradie/Documents/GitHub/Surreal Technologies/evolutionary-mission-trajectory-generator/baseline-artifacts/cases/cases/state_representation_tests/FreePointDeparture_IncomingBplaneRpTA_testatron/compatibility.json,,0.001676624990068376,,,,Unable to execute EMTG: [Errno 2] No such file or directory: '/path/to/IPOPT-enabled-EMTGv9'
state_representation_tests/FreePointDeparture_OutgoingBplaneRpTA_testatron,/Users/jacoconradie/Documents/GitHub/Surreal Technologies/evolutionary-mission-trajectory-generator/testatron/tests/state_representation_tests/FreePointDeparture_OutgoingBplaneRpTA_testatron.emtgopt,dependency_blocked,unreviewed,/Users/jacoconradie/Documents/GitHub/Surreal Technologies/evolutionary-mission-trajectory-generator/baseline-artifacts/cases/cases/state_representation_tests/FreePointDeparture_OutgoingBplaneRpTA_testatron/FreePointDeparture_OutgoingBplaneRpTA_testatron.emtgopt,,,/Users/jacoconradie/Documents/GitHub/Surreal Technologies/evolutionary-mission-trajectory-generator/baseline-artifacts/cases/cases/state_representation_tests/FreePointDeparture_OutgoingBplaneRpTA_testatron/run.log,/Users/jacoconradie/Documents/GitHub/Surreal Technologies/evolutionary-mission-trajectory-generator/baseline-artifacts/cases/cases/state_representation_tests/FreePointDeparture_OutgoingBplaneRpTA_testatron/compatibility.json,,0.002124416991136968,,,,Unable to execute EMTG: [Errno 2] No such file or directory: '/path/to/IPOPT-enabled-EMTGv9'
state_representation_tests/PeriapseArrival_IncomingBplaneRpTA_testatron,/Users/jacoconradie/Documents/GitHub/Surreal Technologies/evolutionary-mission-trajectory-generator/testatron/tests/state_representation_tests/PeriapseArrival_IncomingBplaneRpTA_testatron.emtgopt,dependency_blocked,unreviewed,/Users/jacoconradie/Documents/GitHub/Surreal Technologies/evolutionary-mission-trajectory-generator/baseline-artifacts/cases/cases/state_representation_tests/PeriapseArrival_IncomingBplaneRpTA_testatron/PeriapseArrival_IncomingBplaneRpTA_testatron.emtgopt,,,/Users/jacoconradie/Documents/GitHub/Surreal Technologies/evolutionary-mission-trajectory-generator/baseline-artifacts/cases/cases/state_representation_tests/PeriapseArrival_IncomingBplaneRpTA_testatron/run.log,/Users/jacoconradie/Documents/GitHub/Surreal Technologies/evolutionary-mission-trajectory-generator/baseline-artifacts/cases/cases/state_representation_tests/PeriapseArrival_IncomingBplaneRpTA_testatron/compatibility.json,,0.0012930840020999312,,,,Unable to execute EMTG: [Errno 2] No such file or directory: '/path/to/IPOPT-enabled-EMTGv9'
state_representation_tests/PeriapseArrival_OutgoingBplaneRpTA_testatron,/Users/jacoconradie/Documents/GitHub/Surreal Technologies/evolutionary-mission-trajectory-generator/testatron/tests/state_representation_tests/PeriapseArrival_OutgoingBplaneRpTA_testatron.emtgopt,dependency_blocked,unreviewed,/Users/jacoconradie/Documents/GitHub/Surreal Technologies/evolutionary-mission-trajectory-generator/baseline-artifacts/cases/cases/state_representation_tests/PeriapseArrival_OutgoingBplaneRpTA_testatron/PeriapseArrival_OutgoingBplaneRpTA_testatron.emtgopt,,,/Users/jacoconradie/Documents/GitHub/Surreal Technologies/evolutionary-mission-trajectory-generator/baseline-artifacts/cases/cases/state_representation_tests/PeriapseArrival_OutgoingBplaneRpTA_testatron/run.log,/Users/jacoconradie/Documents/GitHub/Surreal Technologies/evolutionary-mission-trajectory-generator/baseline-artifacts/cases/cases/state_representation_tests/PeriapseArrival_OutgoingBplaneRpTA_testatron/compatibility.json,,0.0014312499843072146,,,,Unable to execute EMTG: [Errno 2] No such file or directory: '/path/to/IPOPT-enabled-EMTGv9'
transcription_tests/CoastPhase_EMintercept,/Users/jacoconradie/Documents/GitHub/Surreal Technologies/evolutionary-mission-trajectory-generator/testatron/tests/transcription_tests/CoastPhase_EMintercept.emtgopt,dependency_blocked,unreviewed,/Users/jacoconradie/Documents/GitHub/Surreal Technologies/evolutionary-mission-trajectory-generator/baseline-artifacts/cases/cases/transcription_tests/CoastPhase_EMintercept/CoastPhase_EMintercept.emtgopt,,,/Users/jacoconradie/Documents/GitHub/Surreal Technologies/evolutionary-mission-trajectory-generator/baseline-artifacts/cases/cases/transcription_tests/CoastPhase_EMintercept/run.log,/Users/jacoconradie/Documents/GitHub/Surreal Technologies/evolutionary-mission-trajectory-generator/baseline-artifacts/cases/cases/transcription_tests/CoastPhase_EMintercept/compatibility.json,,0.0015243749949149787,,,,Unable to execute EMTG: [Errno 2] No such file or directory: '/path/to/IPOPT-enabled-EMTGv9'
transcription_tests/FBLT_EMintercept,/Users/jacoconradie/Documents/GitHub/Surreal Technologies/evolutionary-mission-trajectory-generator/testatron/tests/transcription_tests/FBLT_EMintercept.emtgopt,dependency_blocked,unreviewed,/Users/jacoconradie/Documents/GitHub/Surreal Technologies/evolutionary-mission-trajectory-generator/baseline-artifacts/cases/cases/transcription_tests/FBLT_EMintercept/FBLT_EMintercept.emtgopt,,,/Users/jacoconradie/Documents/GitHub/Surreal Technologies/evolutionary-mission-trajectory-generator/baseline-artifacts/cases/cases/transcription_tests/FBLT_EMintercept/run.log,/Users/jacoconradie/Documents/GitHub/Surreal Technologies/evolutionary-mission-trajectory-generator/baseline-artifacts/cases/cases/transcription_tests/FBLT_EMintercept/compatibility.json,,0.001344624994089827,,,,Unable to execute EMTG: [Errno 2] No such file or directory: '/path/to/IPOPT-enabled-EMTGv9'
transcription_tests/MGALT_EMintercept,/Users/jacoconradie/Documents/GitHub/Surreal Technologies/evolutionary-mission-trajectory-generator/testatron/tests/transcription_tests/MGALT_EMintercept.emtgopt,dependency_blocked,unreviewed,/Users/jacoconradie/Documents/GitHub/Surreal Technologies/evolutionary-mission-trajectory-generator/baseline-artifacts/cases/cases/transcription_tests/MGALT_EMintercept/MGALT_EMintercept.emtgopt,,,/Users/jacoconradie/Documents/GitHub/Surreal Technologies/evolutionary-mission-trajectory-generator/baseline-artifacts/cases/cases/transcription_tests/MGALT_EMintercept/run.log,/Users/jacoconradie/Documents/GitHub/Surreal Technologies/evolutionary-mission-trajectory-generator/baseline-artifacts/cases/cases/transcription_tests/MGALT_EMintercept/compatibility.json,,0.0015067500062286854,,,,Unable to execute EMTG: [Errno 2] No such file or directory: '/path/to/IPOPT-enabled-EMTGv9'
transcription_tests/MGAnDSMs_EMintercept,/Users/jacoconradie/Documents/GitHub/Surreal Technologies/evolutionary-mission-trajectory-generator/testatron/tests/transcription_tests/MGAnDSMs_EMintercept.emtgopt,dependency_blocked,unreviewed,/Users/jacoconradie/Documents/GitHub/Surreal Technologies/evolutionary-mission-trajectory-generator/baseline-artifacts/cases/cases/transcription_tests/MGAnDSMs_EMintercept/MGAnDSMs_EMintercept.emtgopt,,,/Users/jacoconradie/Documents/GitHub/Surreal Technologies/evolutionary-mission-trajectory-generator/baseline-artifacts/cases/cases/transcription_tests/MGAnDSMs_EMintercept/run.log,/Users/jacoconradie/Documents/GitHub/Surreal Technologies/evolutionary-mission-trajectory-generator/baseline-artifacts/cases/cases/transcription_tests/MGAnDSMs_EMintercept/compatibility.json,,0.00317799998447299,,,,Unable to execute EMTG: [Errno 2] No such file or directory: '/path/to/IPOPT-enabled-EMTGv9'
transcription_tests/PSBI_EMintercept,/Users/jacoconradie/Documents/GitHub/Surreal Technologies/evolutionary-mission-trajectory-generator/testatron/tests/transcription_tests/PSBI_EMintercept.emtgopt,dependency_blocked,unreviewed,/Users/jacoconradie/Documents/GitHub/Surreal Technologies/evolutionary-mission-trajectory-generator/baseline-artifacts/cases/cases/transcription_tests/PSBI_EMintercept/PSBI_EMintercept.emtgopt,,,/Users/jacoconradie/Documents/GitHub/Surreal Technologies/evolutionary-mission-trajectory-generator/baseline-artifacts/cases/cases/transcription_tests/PSBI_EMintercept/run.log,/Users/jacoconradie/Documents/GitHub/Surreal Technologies/evolutionary-mission-trajectory-generator/baseline-artifacts/cases/cases/transcription_tests/PSBI_EMintercept/compatibility.json,,0.0013012089766561985,,,,Unable to execute EMTG: [Errno 2] No such file or directory: '/path/to/IPOPT-enabled-EMTGv9'
transcription_tests/PSFB_EMintercept,/Users/jacoconradie/Documents/GitHub/Surreal Technologies/evolutionary-mission-trajectory-generator/testatron/tests/transcription_tests/PSFB_EMintercept.emtgopt,dependency_blocked,unreviewed,/Users/jacoconradie/Documents/GitHub/Surreal Technologies/evolutionary-mission-trajectory-generator/baseline-artifacts/cases/cases/transcription_tests/PSFB_EMintercept/PSFB_EMintercept.emtgopt,,,/Users/jacoconradie/Documents/GitHub/Surreal Technologies/evolutionary-mission-trajectory-generator/baseline-artifacts/cases/cases/transcription_tests/PSFB_EMintercept/run.log,/Users/jacoconradie/Documents/GitHub/Surreal Technologies/evolutionary-mission-trajectory-generator/baseline-artifacts/cases/cases/transcription_tests/PSFB_EMintercept/compatibility.json,,0.0018970840028487146,,,,Unable to execute EMTG: [Errno 2] No such file or directory: '/path/to/IPOPT-enabled-EMTGv9'
transcription_tests/SundmanCoastPhase_EMintercept,/Users/jacoconradie/Documents/GitHub/Surreal Technologies/evolutionary-mission-trajectory-generator/testatron/tests/transcription_tests/SundmanCoastPhase_EMintercept.emtgopt,dependency_blocked,unreviewed,/Users/jacoconradie/Documents/GitHub/Surreal Technologies/evolutionary-mission-trajectory-generator/baseline-artifacts/cases/cases/transcription_tests/SundmanCoastPhase_EMintercept/SundmanCoastPhase_EMintercept.emtgopt,,,/Users/jacoconradie/Documents/GitHub/Surreal Technologies/evolutionary-mission-trajectory-generator/baseline-artifacts/cases/cases/transcription_tests/SundmanCoastPhase_EMintercept/run.log,/Users/jacoconradie/Documents/GitHub/Surreal Technologies/evolutionary-mission-trajectory-generator/baseline-artifacts/cases/cases/transcription_tests/SundmanCoastPhase_EMintercept/compatibility.json,,0.005967167002381757,,,,Unable to execute EMTG: [Errno 2] No such file or directory: '/path/to/IPOPT-enabled-EMTGv9'
