case_id,source_options,classification,status,prepared_options,output_file,comparison_file,log_file,compatibility_file,return_code,duration_seconds,objective_value,worst_violation,worst_constraint,detail
global_mission_options/globalmissionoptions_MGALT_DLAbounds,/repo/testatron/tests/global_mission_options/globalmissionoptions_MGALT_DLAbounds.emtgopt,reviewable,unreviewed,/artifacts/cases/global_mission_options/globalmissionoptions_MGALT_DLAbounds/globalmissionoptions_MGALT_DLAbounds.emtgopt,/artifacts/cases/global_mission_options/globalmissionoptions_MGALT_DLAbounds/FAILURE_globalmissionoptions_MGALT_DLAbounds.emtg,/artifacts/cases/global_mission_options/globalmissionoptions_MGALT_DLAbounds/comparison.csv,/artifacts/cases/global_mission_options/globalmissionoptions_MGALT_DLAbounds/run.log,/artifacts/cases/global_mission_options/globalmissionoptions_MGALT_DLAbounds/compatibility.json,0,0.9026122089999831,-0.8647597929727302,2.04349838085723e-06,F[21]: j0p0MGALT: match point x,Ready for human review; not a promoted baseline
global_mission_options/globalmissionoptions_MGALT_RLAbounds,/repo/testatron/tests/global_mission_options/globalmissionoptions_MGALT_RLAbounds.emtgopt,reviewable,unreviewed,/artifacts/cases/global_mission_options/globalmissionoptions_MGALT_RLAbounds/globalmissionoptions_MGALT_RLAbounds.emtgopt,/artifacts/cases/global_mission_options/globalmissionoptions_MGALT_RLAbounds/FAILURE_globalmissionoptions_MGALT_RLAbounds.emtg,/artifacts/cases/global_mission_options/globalmissionoptions_MGALT_RLAbounds/comparison.csv,/artifacts/cases/global_mission_options/globalmissionoptions_MGALT_RLAbounds/run.log,/artifacts/cases/global_mission_options/globalmissionoptions_MGALT_RLAbounds/compatibility.json,0,0.7241884580000146,-0.8647597929727302,2.04349838085723e-06,F[21]: j0p0MGALT: match point x,Ready for human review; not a promoted baseline
global_mission_options/globalmissionoptions_MGALT_constrDryMass,/repo/testatron/tests/global_mission_options/globalmissionoptions_MGALT_constrDryMass.emtgopt,reviewable,unreviewed,/artifacts/cases/global_mission_options/globalmissionoptions_MGALT_constrDryMass/globalmissionoptions_MGALT_constrDryMass.emtgopt,/artifacts/cases/global_mission_options/globalmissionoptions_MGALT_constrDryMass/FAILURE_globalmissionoptions_MGALT_constrDryMass.emtg,/artifacts/cases/global_mission_options/globalmissionoptions_MGALT_constrDryMass/comparison.csv,/artifacts/cases/global_mission_options/globalmissionoptions_MGALT_constrDryMass/run.log,/artifacts/cases/global_mission_options/globalmissionoptions_MGALT_constrDryMass/compatibility.json,0,0.7476742499999887,-0.8647606327266392,2.04350147508356e-06,F[21]: j0p0MGALT: match point x,Ready for human review; not a promoted baseline
global_mission_options/globalmissionoptions_MGALT_constrFinalMass,/repo/testatron/tests/global_mission_options/globalmissionoptions_MGALT_constrFinalMass.emtgopt,reviewable,unreviewed,/artifacts/cases/global_mission_options/globalmissionoptions_MGALT_constrFinalMass/globalmissionoptions_MGALT_constrFinalMass.emtgopt,/artifacts/cases/global_mission_options/globalmissionoptions_MGALT_constrFinalMass/FAILURE_globalmissionoptions_MGALT_constrFinalMass.emtg,/artifacts/cases/global_mission_options/globalmissionoptions_MGALT_constrFinalMass/comparison.csv,/artifacts/cases/global_mission_options/globalmissionoptions_MGALT_constrFinalMass/run.log,/artifacts/cases/global_mission_options/globalmissionoptions_MGALT_constrFinalMass/compatibility.json,0,0.6737763340000242,-0.8647606327266392,2.04350147508356e-06,F[21]: j0p0MGALT: match point x,Ready for human review; not a promoted baseline
global_mission_options/globalmissionoptions_MGALT_includeInitialImpulse,/repo/testatron/tests/global_mission_options/globalmissionoptions_MGALT_includeInitialImpulse.emtgopt,reviewable,unreviewed,/artifacts/cases/global_mission_options/globalmissionoptions_MGALT_includeInitialImpulse/globalmissionoptions_MGALT_includeInitialImpulse.emtgopt,/artifacts/cases/global_mission_options/globalmissionoptions_MGALT_includeInitialImpulse/FAILURE_globalmissionoptions_MGALT_includeInitialImpulse.emtg,/artifacts/cases/global_mission_options/globalmissionoptions_MGALT_includeInitialImpulse/comparison.csv,/artifacts/cases/global_mission_options/globalmissionoptions_MGALT_includeInitialImpulse/run.log,/artifacts/cases/global_mission_options/globalmissionoptions_MGALT_includeInitialImpulse/compatibility.json,0,0.6725106669999832,-0.8647838718358525,-6.85181778324714e-06,F[24]: j0p0MGALT: match point xdot,Ready for human review; not a promoted baseline
global_mission_options/globalmissionoptions_MGALT_numtimesteps,/repo/testatron/tests/global_mission_options/globalmissionoptions_MGALT_numtimesteps.emtgopt,reviewable,unreviewed,/artifacts/cases/global_mission_options/globalmissionoptions_MGALT_numtimesteps/globalmissionoptions_MGALT_numtimesteps.emtgopt,/artifacts/cases/global_mission_options/globalmissionoptions_MGALT_numtimesteps/FAILURE_globalmissionoptions_MGALT_numtimesteps.emtg,/artifacts/cases/global_mission_options/globalmissionoptions_MGALT_numtimesteps/comparison.csv,/artifacts/cases/global_mission_options/globalmissionoptions_MGALT_numtimesteps/run.log,/artifacts/cases/global_mission_options/globalmissionoptions_MGALT_numtimesteps/compatibility.json,0,0.6800152089999756,-0.8666082570216379,4.82662052525562e-06,F[9]: j0p0MGALT: step 8 control magnitude,Ready for human review; not a promoted baseline
global_mission_options/globalmissionoptions_MGALT_obj0,/repo/testatron/tests/global_mission_options/globalmissionoptions_MGALT_obj0.emtgopt,reviewable,unreviewed,/artifacts/cases/global_mission_options/globalmissionoptions_MGALT_obj0/globalmissionoptions_MGALT_obj0.emtgopt,/artifacts/cases/global_mission_options/globalmissionoptions_MGALT_obj0/FAILURE_globalmissionoptions_MGALT_obj0.emtg,/artifacts/cases/global_mission_options/globalmissionoptions_MGALT_obj0/comparison.csv,/artifacts/cases/global_mission_options/globalmissionoptions_MGALT_obj0/run.log,/artifacts/cases/global_mission_options/globalmissionoptions_MGALT_obj0/compatibility.json,0,0.8252688750000061,4.985416655496237,9.9069833455996e-06,F[28]: j0p0MGALT: match point mass,Ready for human review; not a promoted baseline
global_mission_options/globalmissionoptions_MGALT_obj1,/repo/testatron/tests/global_mission_options/globalmissionoptions_MGALT_obj1.emtgopt,reviewable,unreviewed,/artifacts/cases/global_mission_options/globalmissionoptions_MGALT_obj1/globalmissionoptions_MGALT_obj1.emtgopt,/artifacts/cases/global_mission_options/globalmissionoptions_MGALT_obj1/FAILURE_globalmissionoptions_MGALT_obj1.emtg,/artifacts/cases/global_mission_options/globalmissionoptions_MGALT_obj1/comparison.csv,/artifacts/cases/global_mission_options/globalmissionoptions_MGALT_obj1/run.log,/artifacts/cases/global_mission_options/globalmissionoptions_MGALT_obj1/compatibility.json,0,0.8247604169999931,0.6930579928784876,9.9069833455996e-06,F[28]: j0p0MGALT: match point mass,Ready for human review; not a promoted baseline
global_mission_options/globalmissionoptions_MGALT_obj14,/repo/testatron/tests/global_mission_options/globalmissionoptions_MGALT_obj14.emtgopt,reviewable,unreviewed,/artifacts/cases/global_mission_options/globalmissionoptions_MGALT_obj14/globalmissionoptions_MGALT_obj14.emtgopt,/artifacts/cases/global_mission_options/globalmissionoptions_MGALT_obj14/globalmissionoptions_MGALT_obj14.emtg,/artifacts/cases/global_mission_options/globalmissionoptions_MGALT_obj14/comparison.csv,/artifacts/cases/global_mission_options/globalmissionoptions_MGALT_obj14/run.log,/artifacts/cases/global_mission_options/globalmissionoptions_MGALT_obj14/compatibility.json,0,0.7269427509999673,-4.721498182373907,5.6360822317252e-06,F[28]: j0p0MGALT: match point mass,Ready for human review; not a promoted baseline
global_mission_options/globalmissionoptions_MGALT_obj15,/repo/testatron/tests/global_mission_options/globalmissionoptions_MGALT_obj15.emtgopt,reviewable,unreviewed,/artifacts/cases/global_mission_options/globalmissionoptions_MGALT_obj15/globalmissionoptions_MGALT_obj15.emtgopt,/artifacts/cases/global_mission_options/globalmissionoptions_MGALT_obj15/globalmissionoptions_MGALT_obj15.emtg,/artifacts/cases/global_mission_options/globalmissionoptions_MGALT_obj15/comparison.csv,/artifacts/cases/global_mission_options/globalmissionoptions_MGALT_obj15/run.log,/artifacts/cases/global_mission_options/globalmissionoptions_MGALT_obj15/compatibility.json,0,0.7998876260000429,-10.87165133133264,5.6360822317252e-06,F[28]: j0p0MGALT: match point mass,Ready for human review; not a promoted baseline
global_mission_options/globalmissionoptions_MGALT_obj17,/repo/testatron/tests/global_mission_options/globalmissionoptions_MGALT_obj17.emtgopt,reviewable,unreviewed,/artifacts/cases/global_mission_options/globalmissionoptions_MGALT_obj17/globalmissionoptions_MGALT_obj17.emtgopt,/artifacts/cases/global_mission_options/globalmissionoptions_MGALT_obj17/globalmissionoptions_MGALT_obj17.emtg,/artifacts/cases/global_mission_options/globalmissionoptions_MGALT_obj17/comparison.csv,/artifacts/cases/global_mission_options/globalmissionoptions_MGALT_obj17/run.log,/artifacts/cases/global_mission_options/globalmissionoptions_MGALT_obj17/compatibility.json,0,0.7253416259999881,-0.19397819649953738,2.50554036095346e-06,F[118]: j0p3MGALT: match point x,Ready for human review; not a promoted baseline
global_mission_options/globalmissionoptions_MGALT_obj18,/repo/testatron/tests/global_mission_options/globalmissionoptions_MGALT_obj18.emtgopt,reviewable,unreviewed,/artifacts/cases/global_mission_options/globalmissionoptions_MGALT_obj18/globalmissionoptions_MGALT_obj18.emtgopt,/artifacts/cases/global_mission_options/globalmissionoptions_MGALT_obj18/globalmissionoptions_MGALT_obj18.emtg,/artifacts/cases/global_mission_options/globalmissionoptions_MGALT_obj18/comparison.csv,/artifacts/cases/global_mission_options/globalmissionoptions_MGALT_obj18/run.log,/artifacts/cases/global_mission_options/globalmissionoptions_MGALT_obj18/compatibility.json,0,0.7962125000000242,0.00381738934880116,8.27674030612462e-06,F[60]: j0p1MGALT: match point mass,Ready for human review; not a promoted baseline
global_mission_options/globalmissionoptions_MGALT_obj19,/repo/testatron/tests/global_mission_options/globalmissionoptions_MGALT_obj19.emtgopt,reviewable,unreviewed,/artifacts/cases/global_mission_options/globalmissionoptions_MGALT_obj19/globalmissionoptions_MGALT_obj19.emtgopt,/artifacts/cases/global_mission_options/globalmissionoptions_MGALT_obj19/globalmissionoptions_MGALT_obj19.emtg,/artifacts/cases/global_mission_options/globalmissionoptions_MGALT_obj19/comparison.csv,/artifacts/cases/global_mission_options/globalmissionoptions_MGALT_obj19/run.log,/artifacts/cases/global_mission_options/globalmissionoptions_MGALT_obj19/compatibility.json,0,0.7339033750000112,0.008789863808703799,8.27674030612462e-06,F[60]: j0p1MGALT: match point mass,Ready for human review; not a promoted baseline
global_mission_options/globalmissionoptions_MGALT_obj20,/repo/testatron/tests/global_mission_options/globalmissionoptions_MGALT_obj20.emtgopt,reviewable,unreviewed,/artifacts/cases/global_mission_options/globalmissionoptions_MGALT_obj20/globalmissionoptions_MGALT_obj20.emtgopt,/artifacts/cases/global_mission_options/globalmissionoptions_MGALT_obj20/FAILURE_globalmissionoptions_MGALT_obj20.emtg,/artifacts/cases/global_mission_options/globalmissionoptions_MGALT_obj20/comparison.csv,/artifacts/cases/global_mission_options/globalmissionoptions_MGALT_obj20/run.log,/artifacts/cases/global_mission_options/globalmissionoptions_MGALT_obj20/compatibility.json,0,0.8738040419999606,0.7589410977592916,9.9069833455996e-06,F[28]: j0p0MGALT: match point mass,Ready for human review; not a promoted baseline
global_mission_options/globalmissionoptions_MGALT_obj22,/repo/testatron/tests/global_mission_options/globalmissionoptions_MGALT_obj22.emtgopt,reviewable,unreviewed,/artifacts/cases/global_mission_options/globalmissionoptions_MGALT_obj22/globalmissionoptions_MGALT_obj22.emtgopt,/artifacts/cases/global_mission_options/globalmissionoptions_MGALT_obj22/globalmissionoptions_MGALT_obj22.emtg,/artifacts/cases/global_mission_options/globalmissionoptions_MGALT_obj22/comparison.csv,/artifacts/cases/global_mission_options/globalmissionoptions_MGALT_obj22/run.log,/artifacts/cases/global_mission_options/globalmissionoptions_MGALT_obj22/compatibility.json,0,0.7226101260000064,0.05252567318757919,-2.06584560402301e-06,F[62]: j0p1MGALT: match point virtual electric propellant,Ready for human review; not a promoted baseline
global_mission_options/globalmissionoptions_MGALT_obj23,/repo/testatron/tests/global_mission_options/globalmissionoptions_MGALT_obj23.emtgopt,reviewable,unreviewed,/artifacts/cases/global_mission_options/globalmissionoptions_MGALT_obj23/globalmissionoptions_MGALT_obj23.emtgopt,/artifacts/cases/global_mission_options/globalmissionoptions_MGALT_obj23/globalmissionoptions_MGALT_obj23.emtg,/artifacts/cases/global_mission_options/globalmissionoptions_MGALT_obj23/comparison.csv,/artifacts/cases/global_mission_options/globalmissionoptions_MGALT_obj23/run.log,/artifacts/cases/global_mission_options/globalmissionoptions_MGALT_obj23/compatibility.json,0,0.7203507919999765,0.8122331101754015,-2.06584560402301e-06,F[62]: j0p1MGALT: match point virtual electric propellant,Ready for human review; not a promoted baseline
global_mission_options/globalmissionoptions_MGALT_obj3,/repo/testatron/tests/global_mission_options/globalmissionoptions_MGALT_obj3.emtgopt,reviewable,unreviewed,/artifacts/cases/global_mission_options/globalmissionoptions_MGALT_obj3/globalmissionoptions_MGALT_obj3.emtgopt,/artifacts/cases/global_mission_options/globalmissionoptions_MGALT_obj3/FAILURE_globalmissionoptions_MGALT_obj3.emtg,/artifacts/cases/global_mission_options/globalmissionoptions_MGALT_obj3/comparison.csv,/artifacts/cases/global_mission_options/globalmissionoptions_MGALT_obj3/run.log,/artifacts/cases/global_mission_options/globalmissionoptions_MGALT_obj3/compatibility.json,0,0.8551544590000049,-1.0,9.9069833455996e-06,F[28]: j0p0MGALT: match point mass,Ready for human review; not a promoted baseline
global_mission_options/globalmissionoptions_MGALT_obj4,/repo/testatron/tests/global_mission_options/globalmissionoptions_MGALT_obj4.emtgopt,reviewable,unreviewed,/artifacts/cases/global_mission_options/globalmissionoptions_MGALT_obj4/globalmissionoptions_MGALT_obj4.emtgopt,/artifacts/cases/global_mission_options/globalmissionoptions_MGALT_obj4/FAILURE_globalmissionoptions_MGALT_obj4.emtg,/artifacts/cases/global_mission_options/globalmissionoptions_MGALT_obj4/comparison.csv,/artifacts/cases/global_mission_options/globalmissionoptions_MGALT_obj4/run.log,/artifacts/cases/global_mission_options/globalmissionoptions_MGALT_obj4/compatibility.json,0,0.7250044589999902,-0.9370030805246028,-2.55925990549581e-06,F[121]: j0p3MGALT: match point y,Ready for human review; not a promoted baseline
global_mission_options/globalmissionoptions_MGALT_obj5,/repo/testatron/tests/global_mission_options/globalmissionoptions_MGALT_obj5.emtgopt,reviewable,unreviewed,/artifacts/cases/global_mission_options/globalmissionoptions_MGALT_obj5/globalmissionoptions_MGALT_obj5.emtgopt,/artifacts/cases/global_mission_options/globalmissionoptions_MGALT_obj5/FAILURE_globalmissionoptions_MGALT_obj5.emtg,/artifacts/cases/global_mission_options/globalmissionoptions_MGALT_obj5/comparison.csv,/artifacts/cases/global_mission_options/globalmissionoptions_MGALT_obj5/run.log,/artifacts/cases/global_mission_options/globalmissionoptions_MGALT_obj5/compatibility.json,0,0.9364844589999848,0.9369467235096958,9.9069833455996e-06,F[28]: j0p0MGALT: match point mass,Ready for human review; not a promoted baseline
global_mission_options/globalmissionoptions_MGALT_obj8,/repo/testatron/tests/global_mission_options/globalmissionoptions_MGALT_obj8.emtgopt,reviewable,unreviewed,/artifacts/cases/global_mission_options/globalmissionoptions_MGALT_obj8/globalmissionoptions_MGALT_obj8.emtgopt,/artifacts/cases/global_mission_options/globalmissionoptions_MGALT_obj8/FAILURE_globalmissionoptions_MGALT_obj8.emtg,/artifacts/cases/global_mission_options/globalmissionoptions_MGALT_obj8/comparison.csv,/artifacts/cases/global_mission_options/globalmissionoptions_MGALT_obj8/run.log,/artifacts/cases/global_mission_options/globalmissionoptions_MGALT_obj8/compatibility.json,0,0.7228173340000126,0.9575892422496968,9.9069833455996e-06,F[28]: j0p0MGALT: match point mass,Ready for human review; not a promoted baseline
global_mission_options/globalmissionoptions_MGALT_obj9,/repo/testatron/tests/global_mission_options/globalmissionoptions_MGALT_obj9.emtgopt,reviewable,unreviewed,/artifacts/cases/global_mission_options/globalmissionoptions_MGALT_obj9/globalmissionoptions_MGALT_obj9.emtgopt,/artifacts/cases/global_mission_options/globalmissionoptions_MGALT_obj9/FAILURE_globalmissionoptions_MGALT_obj9.emtg,/artifacts/cases/global_mission_options/globalmissionoptions_MGALT_obj9/comparison.csv,/artifacts/cases/global_mission_options/globalmissionoptions_MGALT_obj9/run.log,/artifacts/cases/global_mission_options/globalmissionoptions_MGALT_obj9/compatibility.json,0,0.8015452509999932,-0.9575892422496968,9.9069833455996e-06,F[28]: j0p0MGALT: match point mass,Ready for human review; not a promoted baseline
global_mission_options/globalmissionoptions_MGALT_postFlybyCoast,/repo/testatron/tests/global_mission_options/globalmissionoptions_MGALT_postFlybyCoast.emtgopt,reviewable,unreviewed,/artifacts/cases/global_mission_options/globalmissionoptions_MGALT_postFlybyCoast/globalmissionoptions_MGALT_postFlybyCoast.emtgopt,/artifacts/cases/global_mission_options/globalmissionoptions_MGALT_postFlybyCoast/globalmissionoptions_MGALT_postFlybyCoast.emtg,/artifacts/cases/global_mission_options/globalmissionoptions_MGALT_postFlybyCoast/comparison.csv,/artifacts/cases/global_mission_options/globalmissionoptions_MGALT_postFlybyCoast/run.log,/artifacts/cases/global_mission_options/globalmissionoptions_MGALT_postFlybyCoast/compatibility.json,0,0.7189302499999712,-0.814067802858296,6.87725331037527e-06,F[89]: j0p2MGALT: match point mass,Ready for human review; not a promoted baseline
global_mission_options/globalmissionoptions_MGALT_postLaunchTCM,/repo/testatron/tests/global_mission_options/globalmissionoptions_MGALT_postLaunchTCM.emtgopt,reviewable,unreviewed,/artifacts/cases/global_mission_options/globalmissionoptions_MGALT_postLaunchTCM/globalmissionoptions_MGALT_postLaunchTCM.emtgopt,/artifacts/cases/global_mission_options/globalmissionoptions_MGALT_postLaunchTCM/globalmissionoptions_MGALT_postLaunchTCM.emtg,/artifacts/cases/global_mission_options/globalmissionoptions_MGALT_postLaunchTCM/comparison.csv,/artifacts/cases/global_mission_options/globalmissionoptions_MGALT_postLaunchTCM/run.log,/artifacts/cases/global_mission_options/globalmissionoptions_MGALT_postLaunchTCM/compatibility.json,0,14.155232174000048,-0.07071165128305477,9.94762791248918e-06,F[27]: j0p0MGALT: match point mass,Ready for human review; not a promoted baseline
global_mission_options/globalmissionoptions_MGALT_postlaunchCoast,/repo/testatron/tests/global_mission_options/globalmissionoptions_MGALT_postlaunchCoast.emtgopt,reviewable,unreviewed,/artifacts/cases/global_mission_options/globalmissionoptions_MGALT_postlaunchCoast/globalmissionoptions_MGALT_postlaunchCoast.emtgopt,/artifacts/cases/global_mission_options/globalmissionoptions_MGALT_postlaunchCoast/FAILURE_globalmissionoptions_MGALT_postlaunchCoast.emtg,/artifacts/cases/global_mission_options/globalmissionoptions_MGALT_postlaunchCoast/comparison.csv,/artifacts/cases/global_mission_options/globalmissionoptions_MGALT_postlaunchCoast/run.log,/artifacts/cases/global_mission_options/globalmissionoptions_MGALT_postlaunchCoast/compatibility.json,0,0.668860584000015,-0.8645525448269662,2.03403246695271e-06,F[21]: j0p0MGALT: match point x,Ready for human review; not a promoted baseline
global_mission_options/globalmissionoptions_MGALT_preFlybyCoast,/repo/testatron/tests/global_mission_options/globalmissionoptions_MGALT_preFlybyCoast.emtgopt,reviewable,unreviewed,/artifacts/cases/global_mission_options/globalmissionoptions_MGALT_preFlybyCoast/globalmissionoptions_MGALT_preFlybyCoast.emtgopt,/artifacts/cases/global_mission_options/globalmissionoptions_MGALT_preFlybyCoast/globalmissionoptions_MGALT_preFlybyCoast.emtg,/artifacts/cases/global_mission_options/globalmissionoptions_MGALT_preFlybyCoast/comparison.csv,/artifacts/cases/global_mission_options/globalmissionoptions_MGALT_preFlybyCoast/run.log,/artifacts/cases/global_mission_options/globalmissionoptions_MGALT_preFlybyCoast/compatibility.json,0,0.9293744170000195,-0.47803539584318,-2.16260351722672e-06,F[116]: j0p3MGALT: match point y,Ready for human review; not a promoted baseline
global_mission_options/globalmissionoptions_MGALT_preFlybyTCM,/repo/testatron/tests/global_mission_options/globalmissionoptions_MGALT_preFlybyTCM.emtgopt,reviewable,unreviewed,/artifacts/cases/global_mission_options/globalmissionoptions_MGALT_preFlybyTCM/globalmissionoptions_MGALT_preFlybyTCM.emtgopt,/artifacts/cases/global_mission_options/globalmissionoptions_MGALT_preFlybyTCM/FAILURE_globalmissionoptions_MGALT_preFlybyTCM.emtg,/artifacts/cases/global_mission_options/globalmissionoptions_MGALT_preFlybyTCM/comparison.csv,/artifacts/cases/global_mission_options/globalmissionoptions_MGALT_preFlybyTCM/run.log,/artifacts/cases/global_mission_options/globalmissionoptions_MGALT_preFlybyTCM/compatibility.json,0,0.7222504589999517,-0.18333658872748734,9.9069833455996e-06,F[28]: j0p0MGALT: match point mass,Ready for human review; not a promoted baseline
global_mission_options/globalmissionoptions_MGALT_timeboundsOFF,/repo/testatron/tests/global_mission_options/globalmissionoptions_MGALT_timeboundsOFF.emtgopt,infeasible,unreviewed,/artifacts/cases/global_mission_options/globalmissionoptions_MGALT_timeboundsOFF/globalmissionoptions_MGALT_timeboundsOFF.emtgopt,/artifacts/cases/global_mission_options/globalmissionoptions_MGALT_timeboundsOFF/FAILURE_globalmissionoptions_MGALT_timeboundsOFF.emtg,/artifacts/cases/global_mission_options/globalmissionoptions_MGALT_timeboundsOFF/comparison.csv,/artifacts/cases/global_mission_options/globalmissionoptions_MGALT_timeboundsOFF/run.log,/artifacts/cases/global_mission_options/globalmissionoptions_MGALT_timeboundsOFF/compatibility.json,0,0.6687627919999954,-0.9237164279183554,0.37232576252491345,F[27]: j0p0MGALT: match point mass,Worst constraint exceeds source tolerance
global_mission_options/globalmissionoptions_MGAnDSMs_obj0,/repo/testatron/tests/global_mission_options/globalmissionoptions_MGAnDSMs_obj0.emtgopt,parse_failed,unreviewed,/artifacts/cases/global_mission_options/globalmissionoptions_MGAnDSMs_obj0/globalmissionoptions_MGAnDSMs_obj0.emtgopt,,,/artifacts/cases/global_mission_options/globalmissionoptions_MGAnDSMs_obj0/run.log,/artifacts/cases/global_mission_options/globalmissionoptions_MGAnDSMs_obj0/compatibility.json,0,0.5701326249999852,,,,EMTG produced no .emtg result
journey_options/AerodynamicDrag_EarthOrbit_Maneuver,/repo/testatron/tests/journey_options/AerodynamicDrag_EarthOrbit_Maneuver.emtgopt,reviewable,unreviewed,/artifacts/cases/journey_options/AerodynamicDrag_EarthOrbit_Maneuver/AerodynamicDrag_EarthOrbit_Maneuver.emtgopt,/artifacts/cases/journey_options/AerodynamicDrag_EarthOrbit_Maneuver/AerodynamicDrag_EarthOrbit_Maneuver.emtg,/artifacts/cases/journey_options/AerodynamicDrag_EarthOrbit_Maneuver/comparison.csv,/artifacts/cases/journey_options/AerodynamicDrag_EarthOrbit_Maneuver/run.log,/artifacts/cases/journey_options/AerodynamicDrag_EarthOrbit_Maneuver/compatibility.json,0,2.3126714590000006,-0.8899908267994568,-2.51160491099421e-06,F[8]: j0p0MGAnDSMs: match point ydot,Ready for human review; not a promoted baseline
journey_options/EME_stageAfterArrival,/repo/testatron/tests/journey_options/EME_stageAfterArrival.emtgopt,reviewable,unreviewed,/artifacts/cases/journey_options/EME_stageAfterArrival/EME_stageAfterArrival.emtgopt,/artifacts/cases/journey_options/EME_stageAfterArrival/EME_stageAfterArrival.emtg,/artifacts/cases/journey_options/EME_stageAfterArrival/comparison.csv,/artifacts/cases/journey_options/EME_stageAfterArrival/run.log,/artifacts/cases/journey_options/EME_stageAfterArrival/compatibility.json,0,2.0430442090000156,-0.13005528848895953,-9.13604661165505e-06,F[57]: j1p0MGALT: match point xdot,Ready for human review; not a promoted baseline
journey_options/EME_stageBeforeArrival,/repo/testatron/tests/journey_options/EME_stageBeforeArrival.emtgopt,reviewable,unreviewed,/artifacts/cases/journey_options/EME_stageBeforeArrival/EME_stageBeforeArrival.emtgopt,/artifacts/cases/journey_options/EME_stageBeforeArrival/EME_stageBeforeArrival.emtg,/artifacts/cases/journey_options/EME_stageBeforeArrival/comparison.csv,/artifacts/cases/journey_options/EME_stageBeforeArrival/run.log,/artifacts/cases/journey_options/EME_stageBeforeArrival/compatibility.json,0,2.8392608760000257,-0.2121536129162099,5.83743219190077e-06,F[60]: j1p0MGALT: match point mass,Ready for human review; not a promoted baseline
journey_options/EarthMarsVenus_FlybyDeparture,/repo/testatron/tests/journey_options/EarthMarsVenus_FlybyDeparture.emtgopt,infeasible,unreviewed,/artifacts/cases/journey_options/EarthMarsVenus_FlybyDeparture/EarthMarsVenus_FlybyDeparture.emtgopt,/artifacts/cases/journey_options/EarthMarsVenus_FlybyDeparture/FAILURE_EarthMarsVenus_FlybyDeparture.emtg,/artifacts/cases/journey_options/EarthMarsVenus_FlybyDeparture/comparison.csv,/artifacts/cases/journey_options/EarthMarsVenus_FlybyDeparture/run.log,/artifacts/cases/journey_options/EarthMarsVenus_FlybyDeparture/compatibility.json,0,1.033115458999987,6.1146375668748405,1.812160976328937,F[8]: j0p0MGAnDSMs: match point mass,Worst constraint exceeds source tolerance
journey_options/EarthMars_Depart2-2_Arrive2-2,/repo/testatron/tests/journey_options/EarthMars_Depart2-2_Arrive2-2.emtgopt,parse_failed,unreviewed,/artifacts/cases/journey_options/EarthMars_Depart2-2_Arrive2-2/EarthMars_Depart2-2_Arrive2-2.emtgopt,,,/artifacts/cases/journey_options/EarthMars_Depart2-2_Arrive2-2/run.log,/artifacts/cases/journey_options/EarthMars_Depart2-2_Arrive2-2/compatibility.json,0,0.22385141699999167,,,,EMTG produced no .emtg result
journey_options/EarthToMarsBallisticRendezvous,/repo/testatron/tests/journey_options/EarthToMarsBallisticRendezvous.emtgopt,infeasible,unreviewed,/artifacts/cases/journey_options/EarthToMarsBallisticRendezvous/EarthToMarsBallisticRendezvous.emtgopt,/artifacts/cases/journey_options/EarthToMarsBallisticRendezvous/FAILURE_EarthToMarsBallisticRendezvous.emtg,/artifacts/cases/journey_options/EarthToMarsBallisticRendezvous/comparison.csv,/artifacts/cases/journey_options/EarthToMarsBallisticRendezvous/run.log,/artifacts/cases/journey_options/EarthToMarsBallisticRendezvous/compatibility.json,0,0.6181890000000294,2.343809021948097,1.3222337675509497,F[7]: j0p0MGAnDSMs: match point mass,Worst constraint exceeds source tolerance
journey_options/EarthToMarsParkingOrbit,/repo/testatron/tests/journey_options/EarthToMarsParkingOrbit.emtgopt,infeasible,unreviewed,/artifacts/cases/journey_options/EarthToMarsParkingOrbit/EarthToMarsParkingOrbit.emtgopt,/artifacts/cases/journey_options/EarthToMarsParkingOrbit/FAILURE_EarthToMarsParkingOrbit.emtg,/artifacts/cases/journey_options/EarthToMarsParkingOrbit/comparison.csv,/artifacts/cases/journey_options/EarthToMarsParkingOrbit/run.log,/artifacts/cases/journey_options/EarthToMarsParkingOrbit/compatibility.json,0,0.6723858329999644,1.4432055212730412,2.9875636734666142,F[7]: j0p0MGAnDSMs: match point mass,Worst constraint exceeds source tolerance
journey_options/EarthToMarsParkingOrbit_PatchedConic,/repo/testatron/tests/journey_options/EarthToMarsParkingOrbit_PatchedConic.emtgopt,infeasible,unreviewed,/artifacts/cases/journey_options/EarthToMarsParkingOrbit_PatchedConic/EarthToMarsParkingOrbit_PatchedConic.emtgopt,/artifacts/cases/journey_options/EarthToMarsParkingOrbit_PatchedConic/FAILURE_EarthToMarsParkingOrbit_PatchedConic.emtg,/artifacts/cases/journey_options/EarthToMarsParkingOrbit_PatchedConic/comparison.csv,/artifacts/cases/journey_options/EarthToMarsParkingOrbit_PatchedConic/run.log,/artifacts/cases/journey_options/EarthToMarsParkingOrbit_PatchedConic/compatibility.json,0,0.7270476670000221,1.390591224479455,2.7760900735424623,F[10]: j0p0MGAnDSMs: match point mass,Worst constraint exceeds source tolerance
journey_options/EarthToMarsPeri,/repo/testatron/tests/journey_options/EarthToMarsPeri.emtgopt,infeasible,unreviewed,/artifacts/cases/journey_options/EarthToMarsPeri/EarthToMarsPeri.emtgopt,/artifacts/cases/journey_options/EarthToMarsPeri/FAILURE_EarthToMarsPeri.emtg,/artifacts/cases/journey_options/EarthToMarsPeri/comparison.csv,/artifacts/cases/journey_options/EarthToMarsPeri/run.log,/artifacts/cases/journey_options/EarthToMarsPeri/compatibility.json,0,0.6729558339999926,7.2557848404393e-07,5.653244958787018,F[7]: j0p0MGAnDSMs: match point mass,Worst constraint exceeds source tolerance
journey_options/EarthToMarsPeri_boundedAggFlightTime,/repo/testatron/tests/journey_options/EarthToMarsPeri_boundedAggFlightTime.emtgopt,infeasible,unreviewed,/artifacts/cases/journey_options/EarthToMarsPeri_boundedAggFlightTime/EarthToMarsPeri_boundedAggFlightTime.emtgopt,/artifacts/cases/journey_options/EarthToMarsPeri_boundedAggFlightTime/FAILURE_EarthToMarsPeri_boundedAggFlightTime.emtg,/artifacts/cases/journey_options/EarthToMarsPeri_boundedAggFlightTime/comparison.csv,/artifacts/cases/journey_options/EarthToMarsPeri_boundedAggFlightTime/run.log,/artifacts/cases/journey_options/EarthToMarsPeri_boundedAggFlightTime/compatibility.json,0,0.7749978340000325,2.02816326096795e-06,3.3952051576272493,F[7]: j0p0MGAnDSMs: match point mass,Worst constraint exceeds source tolerance
journey_options/EarthToMarsPeri_boundedarrivaldate,/repo/testatron/tests/journey_options/EarthToMarsPeri_boundedarrivaldate.emtgopt,infeasible,unreviewed,/artifacts/cases/journey_options/EarthToMarsPeri_boundedarrivaldate/EarthToMarsPeri_boundedarrivaldate.emtgopt,/artifacts/cases/journey_options/EarthToMarsPeri_boundedarrivaldate/FAILURE_EarthToMarsPeri_boundedarrivaldate.emtg,/artifacts/cases/journey_options/EarthToMarsPeri_boundedarrivaldate/comparison.csv,/artifacts/cases/journey_options/EarthToMarsPeri_boundedarrivaldate/run.log,/artifacts/cases/journey_options/EarthToMarsPeri_boundedarrivaldate/compatibility.json,0,0.6707607090000351,5.4460492483136465,2.526158566751275,F[8]: j0p0MGAnDSMs: match point virtual chemical fuel,Worst constraint exceeds source tolerance
journey_options/EarthToMarsPeri_boundedtime,/repo/testatron/tests/journey_options/EarthToMarsPeri_boundedtime.emtgopt,infeasible,unreviewed,/artifacts/cases/journey_options/EarthToMarsPeri_boundedtime/EarthToMarsPeri_boundedtime.emtgopt,/artifacts/cases/journey_options/EarthToMarsPeri_boundedtime/FAILURE_EarthToMarsPeri_boundedtime.emtg,/artifacts/cases/journey_options/EarthToMarsPeri_boundedtime/comparison.csv,/artifacts/cases/journey_options/EarthToMarsPeri_boundedtime/run.log,/artifacts/cases/journey_options/EarthToMarsPeri_boundedtime/compatibility.json,0,0.8313493340000377,1.161694065057167e-05,3.7767234400525656,F[7]: j0p0MGAnDSMs: match point mass,Worst constraint exceeds source tolerance
journey_options/EarthToMarsPeri_ovverrideproptype,/repo/testatron/tests/journey_options/EarthToMarsPeri_ovverrideproptype.emtgopt,infeasible,unreviewed,/artifacts/cases/journey_options/EarthToMarsPeri_ovverrideproptype/EarthToMarsPeri_ovverrideproptype.emtgopt,/artifacts/cases/journey_options/EarthToMarsPeri_ovverrideproptype/FAILURE_EarthToMarsPeri_ovverrideproptype.emtg,/artifacts/cases/journey_options/EarthToMarsPeri_ovverrideproptype/comparison.csv,/artifacts/cases/journey_options/EarthToMarsPeri_ovverrideproptype/run.log,/artifacts/cases/journey_options/EarthToMarsPeri_ovverrideproptype/compatibility.json,0,0.7249249999999847,0.6456773315541726,4.8068834109548275,F[7]: j0p0MGAnDSMs: match point mass,Worst constraint exceeds source tolerance
journey_options/EarthToMarsRendezvous,/repo/testatron/tests/journey_options/EarthToMarsRendezvous.emtgopt,infeasible,unreviewed,/artifacts/cases/journey_options/EarthToMarsRendezvous/EarthToMarsRendezvous.emtgopt,/artifacts/cases/journey_options/EarthToMarsRendezvous/FAILURE_EarthToMarsRendezvous.emtg,/artifacts/cases/journey_options/EarthToMarsRendezvous/comparison.csv,/artifacts/cases/journey_options/EarthToMarsRendezvous/run.log,/artifacts/cases/journey_options/EarthToMarsRendezvous/compatibility.json,0,0.6186754169999631,2.343909183592918,1.3152310939144665,F[9]: j0p0MGAnDSMs: match point mass,Worst constraint exceeds source tolerance
journey_options/EarthToMars_ForcedInitialCoast,/repo/testatron/tests/journey_options/EarthToMars_ForcedInitialCoast.emtgopt,reviewable,unreviewed,/artifacts/cases/journey_options/EarthToMars_ForcedInitialCoast/EarthToMars_ForcedInitialCoast.emtgopt,/artifacts/cases/journey_options/EarthToMars_ForcedInitialCoast/FAILURE_EarthToMars_ForcedInitialCoast.emtg,/artifacts/cases/journey_options/EarthToMars_ForcedInitialCoast/comparison.csv,/artifacts/cases/journey_options/EarthToMars_ForcedInitialCoast/run.log,/artifacts/cases/journey_options/EarthToMars_ForcedInitialCoast/compatibility.json,0,0.6769194590000325,36412.932593945065,-1079.2765828991346,F[25]: j0p0MGALT: match point ydot,Ready for human review; not a promoted baseline
journey_options/EarthToMars_ForcedTerminalCoast,/repo/testatron/tests/journey_options/EarthToMars_ForcedTerminalCoast.emtgopt,reviewable,unreviewed,/artifacts/cases/journey_options/EarthToMars_ForcedTerminalCoast/EarthToMars_ForcedTerminalCoast.emtgopt,/artifacts/cases/journey_options/EarthToMars_ForcedTerminalCoast/FAILURE_EarthToMars_ForcedTerminalCoast.emtg,/artifacts/cases/journey_options/EarthToMars_ForcedTerminalCoast/comparison.csv,/artifacts/cases/journey_options/EarthToMars_ForcedTerminalCoast/run.log,/artifacts/cases/journey_options/EarthToMars_ForcedTerminalCoast/compatibility.json,0,0.6739625419999697,36000.73535961313,-1109.4714803023098,F[24]: j0p0MGALT: match point xdot,Ready for human review; not a promoted baseline
journey_options/EarthToMars_JourneyEndDeltaV,/repo/testatron/tests/journey_options/EarthToMars_JourneyEndDeltaV.emtgopt,reviewable,unreviewed,/artifacts/cases/journey_options/EarthToMars_JourneyEndDeltaV/EarthToMars_JourneyEndDeltaV.emtgopt,/artifacts/cases/journey_options/EarthToMars_JourneyEndDeltaV/FAILURE_EarthToMars_JourneyEndDeltaV.emtg,/artifacts/cases/journey_options/EarthToMars_JourneyEndDeltaV/comparison.csv,/artifacts/cases/journey_options/EarthToMars_JourneyEndDeltaV/run.log,/artifacts/cases/journey_options/EarthToMars_JourneyEndDeltaV/compatibility.json,0,0.6720676670000216,816789.4958936953,-21253.202052213903,F[25]: j0p0MGALT: match point ydot,Ready for human review; not a promoted baseline
journey_options/EarthToMars_OverrideDutyCycle,/repo/testatron/tests/journey_options/EarthToMars_OverrideDutyCycle.emtgopt,infeasible,unreviewed,/artifacts/cases/journey_options/EarthToMars_OverrideDutyCycle/EarthToMars_OverrideDutyCycle.emtgopt,/artifacts/cases/journey_options/EarthToMars_OverrideDutyCycle/FAILURE_EarthToMars_OverrideDutyCycle.emtg,/artifacts/cases/journey_options/EarthToMars_OverrideDutyCycle/comparison.csv,/artifacts/cases/journey_options/EarthToMars_OverrideDutyCycle/run.log,/artifacts/cases/journey_options/EarthToMars_OverrideDutyCycle/compatibility.json,0,0.6717366249999941,7.417188925052815,0.8734430959466246,F[27]: j0p0MGALT: match point mass,Worst constraint exceeds source tolerance
journey_options/EarthToMars_coastphasematchpt,/repo/testatron/tests/journey_options/EarthToMars_coastphasematchpt.emtgopt,infeasible,unreviewed,/artifacts/cases/journey_options/EarthToMars_coastphasematchpt/EarthToMars_coastphasematchpt.emtgopt,/artifacts/cases/journey_options/EarthToMars_coastphasematchpt/FAILURE_EarthToMars_coastphasematchpt.emtg,/artifacts/cases/journey_options/EarthToMars_coastphasematchpt/comparison.csv,/artifacts/cases/journey_options/EarthToMars_coastphasematchpt/run.log,/artifacts/cases/journey_options/EarthToMars_coastphasematchpt/compatibility.json,0,0.6741386669999656,0.0,2.2867567595736085,F[7]: j0p0CoastPhase: match point mass,Worst constraint exceeds source tolerance
journey_options/EarthToMars_dep1-2_atMars,/repo/testatron/tests/journey_options/EarthToMars_dep1-2_atMars.emtgopt,topology_changed,unreviewed,/artifacts/cases/journey_options/EarthToMars_dep1-2_atMars/EarthToMars_dep1-2_atMars.emtgopt,/artifacts/cases/journey_options/EarthToMars_dep1-2_atMars/FAILURE_EarthToMars_dep1-2_atMars.emtg,/artifacts/cases/journey_options/EarthToMars_dep1-2_atMars/comparison.csv,/artifacts/cases/journey_options/EarthToMars_dep1-2_atMars/run.log,/artifacts/cases/journey_options/EarthToMars_dep1-2_atMars/compatibility.json,0,3.0081540019999693,2.240377701608396,0.1321688775298734,F[16]: j1p0MGAnDSMs: match point xdot,Journey or mission-event topology changed
journey_options/EarthToMars_fixedEndMassInc,/repo/testatron/tests/journey_options/EarthToMars_fixedEndMassInc.emtgopt,infeasible,unreviewed,/artifacts/cases/journey_options/EarthToMars_fixedEndMassInc/EarthToMars_fixedEndMassInc.emtgopt,/artifacts/cases/journey_options/EarthToMars_fixedEndMassInc/FAILURE_EarthToMars_fixedEndMassInc.emtg,/artifacts/cases/journey_options/EarthToMars_fixedEndMassInc/comparison.csv,/artifacts/cases/journey_options/EarthToMars_fixedEndMassInc/run.log,/artifacts/cases/journey_options/EarthToMars_fixedEndMassInc/compatibility.json,0,0.7229732509999849,0.9779382342128313,0.4767956055120601,F[7]: j0p0MGAnDSMs: match point mass,Worst constraint exceeds source tolerance
journey_options/EarthToMars_fixedStartingMassInc,/repo/testatron/tests/journey_options/EarthToMars_fixedStartingMassInc.emtgopt,infeasible,unreviewed,/artifacts/cases/journey_options/EarthToMars_fixedStartingMassInc/EarthToMars_fixedStartingMassInc.emtgopt,/artifacts/cases/journey_options/EarthToMars_fixedStartingMassInc/FAILURE_EarthToMars_fixedStartingMassInc.emtg,/artifacts/cases/journey_options/EarthToMars_fixedStartingMassInc/comparison.csv,/artifacts/cases/journey_options/EarthToMars_fixedStartingMassInc/run.log,/artifacts/cases/journey_options/EarthToMars_fixedStartingMassInc/compatibility.json,0,0.772654541999998,1.5193083479321159,1.9326755112533476,F[7]: j0p0MGAnDSMs: match point mass,Worst constraint exceeds source tolerance
journey_options/EarthToMars_overrideTimesteps,/repo/testatron/tests/journey_options/EarthToMars_overrideTimesteps.emtgopt,infeasible,unreviewed,/artifacts/cases/journey_options/EarthToMars_overrideTimesteps/EarthToMars_overrideTimesteps.emtgopt,/artifacts/cases/journey_options/EarthToMars_overrideTimesteps/FAILURE_EarthToMars_overrideTimesteps.emtg,/artifacts/cases/journey_options/EarthToMars_overrideTimesteps/comparison.csv,/artifacts/cases/journey_options/EarthToMars_overrideTimesteps/run.log,/artifacts/cases/journey_options/EarthToMars_overrideTimesteps/compatibility.json,0,0.6737010010000404,0.9779382342128313,0.4767956055120601,F[7]: j0p0MGAnDSMs: match point mass,Worst constraint exceeds source tolerance
journey_options/EarthToMars_variableMassInc,/repo/testatron/tests/journey_options/EarthToMars_variableMassInc.emtgopt,topology_changed,unreviewed,/artifacts/cases/journey_options/EarthToMars_variableMassInc/EarthToMars_variableMassInc.emtgopt,/artifacts/cases/journey_options/EarthToMars_variableMassInc/EarthToMars_variableMassInc.emtg,/artifacts/cases/journey_options/EarthToMars_variableMassInc/comparison.csv,/artifacts/cases/journey_options/EarthToMars_variableMassInc/run.log,/artifacts/cases/journey_options/EarthToMars_variableMassInc/compatibility.json,0,4.687458627000012,4.216142648037206,4.2699981569179e-07,F[19]: j1p0MGAnDSMs: match point mass,Journey or mission-event topology changed
journey_options/LEO_to_GEO,/repo/testatron/tests/journey_options/LEO_to_GEO.emtgopt,reviewable,unreviewed,/artifacts/cases/journey_options/LEO_to_GEO/LEO_to_GEO.emtgopt,/artifacts/cases/journey_options/LEO_to_GEO/LEO_to_GEO.emtg,/artifacts/cases/journey_options/LEO_to_GEO/comparison.csv,/artifacts/cases/journey_options/LEO_to_GEO/run.log,/artifacts/cases/journey_options/LEO_to_GEO/compatibility.json,0,3.1958229589999974,-0.2601128816350484,-4.20120981078449e-06,F[9]: j0p0MGAnDSMs: match point xdot,Ready for human review; not a promoted baseline
journey_options/default_PSBI_fixed_inertial_control,/repo/testatron/tests/journey_options/default_PSBI_fixed_inertial_control.emtgopt,infeasible,unreviewed,/artifacts/cases/journey_options/default_PSBI_fixed_inertial_control/default_PSBI_fixed_inertial_control.emtgopt,/artifacts/cases/journey_options/default_PSBI_fixed_inertial_control/FAILURE_default_PSBI_fixed_inertial_control.emtg,/artifacts/cases/journey_options/default_PSBI_fixed_inertial_control/comparison.csv,/artifacts/cases/journey_options/default_PSBI_fixed_inertial_control/run.log,/artifacts/cases/journey_options/default_PSBI_fixed_inertial_control/compatibility.json,0,18.684648675000005,-0.917310624585682,0.009289796901390769,F[7]: j0p0PSBI_Step0: left match point ydot,Worst constraint exceeds source tolerance
journey_options/default_force_unit_magnitude_control,/repo/testatron/tests/journey_options/default_force_unit_magnitude_control.emtgopt,reviewable,unreviewed,/artifacts/cases/journey_options/default_force_unit_magnitude_control/default_force_unit_magnitude_control.emtgopt,/artifacts/cases/journey_options/default_force_unit_magnitude_control/default_force_unit_magnitude_control.emtg,/artifacts/cases/journey_options/default_force_unit_magnitude_control/comparison.csv,/artifacts/cases/journey_options/default_force_unit_magnitude_control/run.log,/artifacts/cases/journey_options/default_force_unit_magnitude_control/compatibility.json,0,1.1557665419999807,-0.8484435713187031,8.83536915785577e-06,F[6]: j0p0MGALT: step 5 control magnitude,Ready for human review; not a promoted baseline
journey_options/default_with_Jupiter_perturbation,/repo/testatron/tests/journey_options/default_with_Jupiter_perturbation.emtgopt,parse_failed,unreviewed,/artifacts/cases/journey_options/default_with_Jupiter_perturbation/default_with_Jupiter_perturbation.emtgopt,,,/artifacts/cases/journey_options/default_with_Jupiter_perturbation/run.log,/artifacts/cases/journey_options/default_with_Jupiter_perturbation/compatibility.json,0,0.6249895419999802,,,,EMTG produced no .emtg result
journey_options/default_with_Jupiter_perturbations_PSBI,/repo/testatron/tests/journey_options/default_with_Jupiter_perturbations_PSBI.emtgopt,parse_failed,unreviewed,/artifacts/cases/journey_options/default_with_Jupiter_perturbations_PSBI/default_with_Jupiter_perturbations_PSBI.emtgopt,,,/artifacts/cases/journey_options/default_with_Jupiter_perturbations_PSBI/run.log,/artifacts/cases/journey_options/default_with_Jupiter_perturbations_PSBI/compatibility.json,0,0.6207706670000448,,,,EMTG produced no .emtg result
journey_options/default_zeroControl_intercept_MGALT,/repo/testatron/tests/journey_options/default_zeroControl_intercept_MGALT.emtgopt,infeasible,unreviewed,/artifacts/cases/journey_options/default_zeroControl_intercept_MGALT/default_zeroControl_intercept_MGALT.emtgopt,/artifacts/cases/journey_options/default_zeroControl_intercept_MGALT/FAILURE_default_zeroControl_intercept_MGALT.emtg,/artifacts/cases/journey_options/default_zeroControl_intercept_MGALT/comparison.csv,/artifacts/cases/journey_options/default_zeroControl_intercept_MGALT/run.log,/artifacts/cases/journey_options/default_zeroControl_intercept_MGALT/compatibility.json,0,16.04000413199998,-0.9901753719830036,0.23956128102562385,F[23]: j0p0MGALT: match point y,Worst constraint exceeds source tolerance
journey_options/default_zeroControl_intercept_PSBI,/repo/testatron/tests/journey_options/default_zeroControl_intercept_PSBI.emtgopt,infeasible,unreviewed,/artifacts/cases/journey_options/default_zeroControl_intercept_PSBI/default_zeroControl_intercept_PSBI.emtgopt,/artifacts/cases/journey_options/default_zeroControl_intercept_PSBI/FAILURE_default_zeroControl_intercept_PSBI.emtg,/artifacts/cases/journey_options/default_zeroControl_intercept_PSBI/comparison.csv,/artifacts/cases/journey_options/default_zeroControl_intercept_PSBI/run.log,/artifacts/cases/journey_options/default_zeroControl_intercept_PSBI/compatibility.json,0,15.996398675000023,-0.9980135896747756,0.07034456103248152,F[42]: j0p0PSBI_Step4: substep 0 control magnitude,Worst constraint exceeds source tolerance
journey_options/escape_from_KSC_FreePointDirectDeparture_along_velocity_vector,/repo/testatron/tests/journey_options/escape_from_KSC_FreePointDirectDeparture_along_velocity_vector.emtgopt,infeasible,unreviewed,/artifacts/cases/journey_options/escape_from_KSC_FreePointDirectDeparture_along_velocity_vector/escape_from_KSC_FreePointDirectDeparture_along_velocity_vector.emtgopt,/artifacts/cases/journey_options/escape_from_KSC_FreePointDirectDeparture_along_velocity_vector/FAILURE_escape_from_KSC_FreePointDirectDeparture_along_velocity_vector.emtg,/artifacts/cases/journey_options/escape_from_KSC_FreePointDirectDeparture_along_velocity_vector/comparison.csv,/artifacts/cases/journey_options/escape_from_KSC_FreePointDirectDeparture_along_velocity_vector/run.log,/artifacts/cases/journey_options/escape_from_KSC_FreePointDirectDeparture_along_velocity_vector/compatibility.json,0,5.155637044000002,3.2035359307438216,0.002745661595290605,F[2]: j0p0CoastPhaseFreePointFreeDirectDeparture: detic latitude,Worst constraint exceeds source tolerance
journey_options/park_to_SOI_FBLT,/repo/testatron/tests/journey_options/park_to_SOI_FBLT.emtgopt,timed_out,unreviewed,/artifacts/cases/journey_options/park_to_SOI_FBLT/park_to_SOI_FBLT.emtgopt,,,/artifacts/cases/journey_options/park_to_SOI_FBLT/run.log,/artifacts/cases/journey_options/park_to_SOI_FBLT/compatibility.json,,300.023912429,,,,Exceeded 300 second process timeout
output_options/outputoptions_frameICRF,/repo/testatron/tests/output_options/outputoptions_frameICRF.emtgopt,infeasible,unreviewed,/artifacts/cases/output_options/outputoptions_frameICRF/outputoptions_frameICRF.emtgopt,/artifacts/cases/output_options/outputoptions_frameICRF/FAILURE_outputoptions_frameICRF.emtg,/artifacts/cases/output_options/outputoptions_frameICRF/comparison.csv,/artifacts/cases/output_options/outputoptions_frameICRF/run.log,/artifacts/cases/output_options/outputoptions_frameICRF/compatibility.json,0,0.7778556669999261,-0.38436627921522903,1.575868557866931e-05,F[6]: j0p0MGAnDSMs: match point ydot,Worst constraint exceeds source tolerance
output_options/outputoptions_frameJ2000BCF,/repo/testatron/tests/output_options/outputoptions_frameJ2000BCF.emtgopt,infeasible,unreviewed,/artifacts/cases/output_options/outputoptions_frameJ2000BCF/outputoptions_frameJ2000BCF.emtgopt,/artifacts/cases/output_options/outputoptions_frameJ2000BCF/FAILURE_outputoptions_frameJ2000BCF.emtg,/artifacts/cases/output_options/outputoptions_frameJ2000BCF/comparison.csv,/artifacts/cases/output_options/outputoptions_frameJ2000BCF/run.log,/artifacts/cases/output_options/outputoptions_frameJ2000BCF/compatibility.json,0,0.7278499170000714,-0.38436627921522903,1.575868557866931e-05,F[6]: j0p0MGAnDSMs: match point ydot,Worst constraint exceeds source tolerance
output_options/outputoptions_frameTODBCF,/repo/testatron/tests/output_options/outputoptions_frameTODBCF.emtgopt,infeasible,unreviewed,/artifacts/cases/output_options/outputoptions_frameTODBCF/outputoptions_frameTODBCF.emtgopt,/artifacts/cases/output_options/outputoptions_frameTODBCF/FAILURE_outputoptions_frameTODBCF.emtg,/artifacts/cases/output_options/outputoptions_frameTODBCF/comparison.csv,/artifacts/cases/output_options/outputoptions_frameTODBCF/run.log,/artifacts/cases/output_options/outputoptions_frameTODBCF/compatibility.json,0,0.7853091250000261,-0.38436627921522903,1.575868557866931e-05,F[6]: j0p0MGAnDSMs: match point ydot,Worst constraint exceeds source tolerance
output_options/outputoptions_frameTODBCI,/repo/testatron/tests/output_options/outputoptions_frameTODBCI.emtgopt,infeasible,unreviewed,/artifacts/cases/output_options/outputoptions_frameTODBCI/outputoptions_frameTODBCI.emtgopt,/artifacts/cases/output_options/outputoptions_frameTODBCI/FAILURE_outputoptions_frameTODBCI.emtg,/artifacts/cases/output_options/outputoptions_frameTODBCI/comparison.csv,/artifacts/cases/output_options/outputoptions_frameTODBCI/run.log,/artifacts/cases/output_options/outputoptions_frameTODBCI/compatibility.json,0,0.6727454169999874,-0.38436627921522903,1.575868557866931e-05,F[6]: j0p0MGAnDSMs: match point ydot,Worst constraint exceeds source tolerance
output_options/outputoptions_outputjourneywaittimes,/repo/testatron/tests/output_options/outputoptions_outputjourneywaittimes.emtgopt,infeasible,unreviewed,/artifacts/cases/output_options/outputoptions_outputjourneywaittimes/outputoptions_outputjourneywaittimes.emtgopt,/artifacts/cases/output_options/outputoptions_outputjourneywaittimes/FAILURE_outputoptions_outputjourneywaittimes.emtg,/artifacts/cases/output_options/outputoptions_outputjourneywaittimes/comparison.csv,/artifacts/cases/output_options/outputoptions_outputjourneywaittimes/run.log,/artifacts/cases/output_options/outputoptions_outputjourneywaittimes/compatibility.json,0,0.7254790840000851,-0.38436627921522903,1.575868557866931e-05,F[6]: j0p0MGAnDSMs: match point ydot,Worst constraint exceeds source tolerance
physics_options/Earth_to_SmallBody_SAM,/repo/testatron/tests/physics_options/Earth_to_SmallBody_SAM.emtgopt,parse_failed,unreviewed,/artifacts/cases/physics_options/Earth_to_SmallBody_SAM/Earth_to_SmallBody_SAM.emtgopt,,,/artifacts/cases/physics_options/Earth_to_SmallBody_SAM/run.log,/artifacts/cases/physics_options/Earth_to_SmallBody_SAM/compatibility.json,0,2.8470682930000066,,,,EMTG produced no .emtg result
physics_options/physicsoptions_SPICEphem,/repo/testatron/tests/physics_options/physicsoptions_SPICEphem.emtgopt,topology_changed,unreviewed,/artifacts/cases/physics_options/physicsoptions_SPICEphem/physicsoptions_SPICEphem.emtgopt,/artifacts/cases/physics_options/physicsoptions_SPICEphem/physicsoptions_SPICEphem.emtg,/artifacts/cases/physics_options/physicsoptions_SPICEphem/comparison.csv,/artifacts/cases/physics_options/physicsoptions_SPICEphem/run.log,/artifacts/cases/physics_options/physicsoptions_SPICEphem/compatibility.json,0,6.273862878000045,-0.0846513122905427,7.72059410098411e-06,F[7]: j0p0MGAnDSMs: match point zdot,Journey or mission-event topology changed
physics_options/physicsoptions_add3rdbody,/repo/testatron/tests/physics_options/physicsoptions_add3rdbody.emtgopt,parse_failed,unreviewed,/artifacts/cases/physics_options/physicsoptions_add3rdbody/physicsoptions_add3rdbody.emtgopt,,,/artifacts/cases/physics_options/physicsoptions_add3rdbody/run.log,/artifacts/cases/physics_options/physicsoptions_add3rdbody/compatibility.json,0,1.4367302089999612,,,,EMTG produced no .emtg result
physics_options/physicsoptions_addJ2,/repo/testatron/tests/physics_options/physicsoptions_addJ2.emtgopt,reviewable,unreviewed,/artifacts/cases/physics_options/physicsoptions_addJ2/physicsoptions_addJ2.emtgopt,/artifacts/cases/physics_options/physicsoptions_addJ2/physicsoptions_addJ2.emtg,/artifacts/cases/physics_options/physicsoptions_addJ2/comparison.csv,/artifacts/cases/physics_options/physicsoptions_addJ2/run.log,/artifacts/cases/physics_options/physicsoptions_addJ2/compatibility.json,0,3.10683829300001,3.988489606694454,8.14158164535097e-06,F[7]: j0p0MGAnDSMs: match point xdot,Ready for human review; not a promoted baseline
physics_options/physicsoptions_addSRP,/repo/testatron/tests/physics_options/physicsoptions_addSRP.emtgopt,infeasible,unreviewed,/artifacts/cases/physics_options/physicsoptions_addSRP/physicsoptions_addSRP.emtgopt,/artifacts/cases/physics_options/physicsoptions_addSRP/FAILURE_physicsoptions_addSRP.emtg,/artifacts/cases/physics_options/physicsoptions_addSRP/comparison.csv,/artifacts/cases/physics_options/physicsoptions_addSRP/run.log,/artifacts/cases/physics_options/physicsoptions_addSRP/compatibility.json,0,0.7342078760000277,-0.38436627921522903,1.575868557866931e-05,F[6]: j0p0MGAnDSMs: match point ydot,Worst constraint exceeds source tolerance
physics_options/physicsoptions_periapseCartesian,/repo/testatron/tests/physics_options/physicsoptions_periapseCartesian.emtgopt,reviewable,unreviewed,/artifacts/cases/physics_options/physicsoptions_periapseCartesian/physicsoptions_periapseCartesian.emtgopt,/artifacts/cases/physics_options/physicsoptions_periapseCartesian/physicsoptions_periapseCartesian.emtg,/artifacts/cases/physics_options/physicsoptions_periapseCartesian/comparison.csv,/artifacts/cases/physics_options/physicsoptions_periapseCartesian/run.log,/artifacts/cases/physics_options/physicsoptions_periapseCartesian/compatibility.json,0,0.6711474169999292,-0.8676905159245886,2.44089582896282e-06,F[1]: j0p0MGAnDSMs: match point x,Ready for human review; not a promoted baseline
physics_options/physicsoptions_periapseIncomingBplane,/repo/testatron/tests/physics_options/physicsoptions_periapseIncomingBplane.emtgopt,reviewable,unreviewed,/artifacts/cases/physics_options/physicsoptions_periapseIncomingBplane/physicsoptions_periapseIncomingBplane.emtgopt,/artifacts/cases/physics_options/physicsoptions_periapseIncomingBplane/physicsoptions_periapseIncomingBplane.emtg,/artifacts/cases/physics_options/physicsoptions_periapseIncomingBplane/comparison.csv,/artifacts/cases/physics_options/physicsoptions_periapseIncomingBplane/run.log,/artifacts/cases/physics_options/physicsoptions_periapseIncomingBplane/compatibility.json,0,0.7235278760000483,-0.8678762854255085,-1.37157059474293e-06,F[4]: j0p0MGAnDSMs: match point xdot,Ready for human review; not a promoted baseline
physics_options/physicsoptions_periapseSphericalAZFPA,/repo/testatron/tests/physics_options/physicsoptions_periapseSphericalAZFPA.emtgopt,reviewable,unreviewed,/artifacts/cases/physics_options/physicsoptions_periapseSphericalAZFPA/physicsoptions_periapseSphericalAZFPA.emtgopt,/artifacts/cases/physics_options/physicsoptions_periapseSphericalAZFPA/physicsoptions_periapseSphericalAZFPA.emtg,/artifacts/cases/physics_options/physicsoptions_periapseSphericalAZFPA/comparison.csv,/artifacts/cases/physics_options/physicsoptions_periapseSphericalAZFPA/run.log,/artifacts/cases/physics_options/physicsoptions_periapseSphericalAZFPA/compatibility.json,0,0.8353920839999773,-0.8677232436847934,7.94553628705937e-06,F[13]: j1p0CoastPhase: match point y,Ready for human review; not a promoted baseline
physics_options/physicsoptions_periapseSphericalRADEC,/repo/testatron/tests/physics_options/physicsoptions_periapseSphericalRADEC.emtgopt,reviewable,unreviewed,/artifacts/cases/physics_options/physicsoptions_periapseSphericalRADEC/physicsoptions_periapseSphericalRADEC.emtgopt,/artifacts/cases/physics_options/physicsoptions_periapseSphericalRADEC/physicsoptions_periapseSphericalRADEC.emtg,/artifacts/cases/physics_options/physicsoptions_periapseSphericalRADEC/comparison.csv,/artifacts/cases/physics_options/physicsoptions_periapseSphericalRADEC/run.log,/artifacts/cases/physics_options/physicsoptions_periapseSphericalRADEC/compatibility.json,0,0.7203888759999018,-0.6328236919312905,-3.19028674188689e-06,F[2]: j0p0MGAnDSMs: match point y,Ready for human review; not a promoted baseline
physics_options/physicsoptions_shortspline,/repo/testatron/tests/physics_options/physicsoptions_shortspline.emtgopt,topology_changed,unreviewed,/artifacts/cases/physics_options/physicsoptions_shortspline/physicsoptions_shortspline.emtgopt,/artifacts/cases/physics_options/physicsoptions_shortspline/physicsoptions_shortspline.emtg,/artifacts/cases/physics_options/physicsoptions_shortspline/comparison.csv,/artifacts/cases/physics_options/physicsoptions_shortspline/run.log,/artifacts/cases/physics_options/physicsoptions_shortspline/compatibility.json,0,6.819658337000078,-0.08465713883976288,9.97324594239793e-06,F[8]: j0p0MGAnDSMs: match point mass,Journey or mission-event topology changed
script_constraint_tests/EVM_MGAnDSMs_bEnd_but_not_pEnd_maneuverMagnitude,/repo/testatron/tests/script_constraint_tests/EVM_MGAnDSMs_bEnd_but_not_pEnd_maneuverMagnitude.emtgopt,topology_changed,unreviewed,/artifacts/cases/script_constraint_tests/EVM_MGAnDSMs_bEnd_but_not_pEnd_maneuverMagnitude/EVM_MGAnDSMs_bEnd_but_not_pEnd_maneuverMagnitude.emtgopt,/artifacts/cases/script_constraint_tests/EVM_MGAnDSMs_bEnd_but_not_pEnd_maneuverMagnitude/EVM_MGAnDSMs_bEnd_but_not_pEnd_maneuverMagnitude.emtg,/artifacts/cases/script_constraint_tests/EVM_MGAnDSMs_bEnd_but_not_pEnd_maneuverMagnitude/comparison.csv,/artifacts/cases/script_constraint_tests/EVM_MGAnDSMs_bEnd_but_not_pEnd_maneuverMagnitude/run.log,/artifacts/cases/script_constraint_tests/EVM_MGAnDSMs_bEnd_but_not_pEnd_maneuverMagnitude/compatibility.json,0,2.6962347919999274,-0.47962942607636133,7.73624555540006e-06,F[21]: j0p1MGAnDSMs: match point mass,Journey or mission-event topology changed
script_constraint_tests/EVM_MGAnDSMs_flybyDeparture_distance_from_Earth,/repo/testatron/tests/script_constraint_tests/EVM_MGAnDSMs_flybyDeparture_distance_from_Earth.emtgopt,topology_changed,unreviewed,/artifacts/cases/script_constraint_tests/EVM_MGAnDSMs_flybyDeparture_distance_from_Earth/EVM_MGAnDSMs_flybyDeparture_distance_from_Earth.emtgopt,/artifacts/cases/script_constraint_tests/EVM_MGAnDSMs_flybyDeparture_distance_from_Earth/EVM_MGAnDSMs_flybyDeparture_distance_from_Earth.emtg,/artifacts/cases/script_constraint_tests/EVM_MGAnDSMs_flybyDeparture_distance_from_Earth/comparison.csv,/artifacts/cases/script_constraint_tests/EVM_MGAnDSMs_flybyDeparture_distance_from_Earth/run.log,/artifacts/cases/script_constraint_tests/EVM_MGAnDSMs_flybyDeparture_distance_from_Earth/compatibility.json,0,2.3786921260000327,-0.29630737257355716,4.73433942694914e-06,F[7]: j0p0MGAnDSMs: match point mass,Journey or mission-event topology changed
script_constraint_tests/EVM_MGAnDSMs_pEnd_and_Bend_maneuverMagnitude,/repo/testatron/tests/script_constraint_tests/EVM_MGAnDSMs_pEnd_and_Bend_maneuverMagnitude.emtgopt,topology_changed,unreviewed,/artifacts/cases/script_constraint_tests/EVM_MGAnDSMs_pEnd_and_Bend_maneuverMagnitude/EVM_MGAnDSMs_pEnd_and_Bend_maneuverMagnitude.emtgopt,/artifacts/cases/script_constraint_tests/EVM_MGAnDSMs_pEnd_and_Bend_maneuverMagnitude/EVM_MGAnDSMs_pEnd_and_Bend_maneuverMagnitude.emtg,/artifacts/cases/script_constraint_tests/EVM_MGAnDSMs_pEnd_and_Bend_maneuverMagnitude/comparison.csv,/artifacts/cases/script_constraint_tests/EVM_MGAnDSMs_pEnd_and_Bend_maneuverMagnitude/run.log,/artifacts/cases/script_constraint_tests/EVM_MGAnDSMs_pEnd_and_Bend_maneuverMagnitude/compatibility.json,0,2.781036251000046,-0.4853599201855737,4.47521530921705e-06,F[7]: j0p0MGAnDSMs: match point mass,Journey or mission-event topology changed
script_constraint_tests/EVM_MGAnDSMs_pEndbutnotBend_maneuverMagnitude,/repo/testatron/tests/script_constraint_tests/EVM_MGAnDSMs_pEndbutnotBend_maneuverMagnitude.emtgopt,topology_changed,unreviewed,/artifacts/cases/script_constraint_tests/EVM_MGAnDSMs_pEndbutnotBend_maneuverMagnitude/EVM_MGAnDSMs_pEndbutnotBend_maneuverMagnitude.emtgopt,/artifacts/cases/script_constraint_tests/EVM_MGAnDSMs_pEndbutnotBend_maneuverMagnitude/EVM_MGAnDSMs_pEndbutnotBend_maneuverMagnitude.emtg,/artifacts/cases/script_constraint_tests/EVM_MGAnDSMs_pEndbutnotBend_maneuverMagnitude/comparison.csv,/artifacts/cases/script_constraint_tests/EVM_MGAnDSMs_pEndbutnotBend_maneuverMagnitude/run.log,/artifacts/cases/script_constraint_tests/EVM_MGAnDSMs_pEndbutnotBend_maneuverMagnitude/compatibility.json,0,2.8426274599999033,-0.4693537982800206,6.15257187213254e-06,F[21]: j0p1MGAnDSMs: match point mass,Journey or mission-event topology changed
script_constraint_tests/EVM_PSBI_pEnd_bpt,/repo/testatron/tests/script_constraint_tests/EVM_PSBI_pEnd_bpt.emtgopt,reviewable,unreviewed,/artifacts/cases/script_constraint_tests/EVM_PSBI_pEnd_bpt/EVM_PSBI_pEnd_bpt.emtgopt,/artifacts/cases/script_constraint_tests/EVM_PSBI_pEnd_bpt/EVM_PSBI_pEnd_bpt.emtg,/artifacts/cases/script_constraint_tests/EVM_PSBI_pEnd_bpt/comparison.csv,/artifacts/cases/script_constraint_tests/EVM_PSBI_pEnd_bpt/run.log,/artifacts/cases/script_constraint_tests/EVM_PSBI_pEnd_bpt/compatibility.json,0,3.54663958499998,-0.9403932251371513,6.45742215951063e-06,F[436]: j0p1PSBI_Step18: left match point mass,Ready for human review; not a promoted baseline
script_constraint_tests/EVM_PSBI_pEnd_distance,/repo/testatron/tests/script_constraint_tests/EVM_PSBI_pEnd_distance.emtgopt,reviewable,unreviewed,/artifacts/cases/script_constraint_tests/EVM_PSBI_pEnd_distance/EVM_PSBI_pEnd_distance.emtgopt,/artifacts/cases/script_constraint_tests/EVM_PSBI_pEnd_distance/EVM_PSBI_pEnd_distance.emtg,/artifacts/cases/script_constraint_tests/EVM_PSBI_pEnd_distance/comparison.csv,/artifacts/cases/script_constraint_tests/EVM_PSBI_pEnd_distance/run.log,/artifacts/cases/script_constraint_tests/EVM_PSBI_pEnd_distance/compatibility.json,0,5.042356627000004,-0.921426395295646,4.20042531408877e-06,F[330]: j0p1PSBI_Step10: left match point mass,Ready for human review; not a promoted baseline
script_constraint_tests/EVM_pEndRRP_arrival,/repo/testatron/tests/script_constraint_tests/EVM_pEndRRP_arrival.emtgopt,reviewable,unreviewed,/artifacts/cases/script_constraint_tests/EVM_pEndRRP_arrival/EVM_pEndRRP_arrival.emtgopt,/artifacts/cases/script_constraint_tests/EVM_pEndRRP_arrival/EVM_pEndRRP_arrival.emtg,/artifacts/cases/script_constraint_tests/EVM_pEndRRP_arrival/comparison.csv,/artifacts/cases/script_constraint_tests/EVM_pEndRRP_arrival/run.log,/artifacts/cases/script_constraint_tests/EVM_pEndRRP_arrival/compatibility.json,0,5.870562335999921,-0.9179083114423756,1.343071364834e-08,F[27]: j0p0MGALT: match point mass,Ready for human review; not a promoted baseline
script_constraint_tests/EVM_pEnd_distance,/repo/testatron/tests/script_constraint_tests/EVM_pEnd_distance.emtgopt,infeasible,unreviewed,/artifacts/cases/script_constraint_tests/EVM_pEnd_distance/EVM_pEnd_distance.emtgopt,/artifacts/cases/script_constraint_tests/EVM_pEnd_distance/FAILURE_EVM_pEnd_distance.emtg,/artifacts/cases/script_constraint_tests/EVM_pEnd_distance/comparison.csv,/artifacts/cases/script_constraint_tests/EVM_pEnd_distance/run.log,/artifacts/cases/script_constraint_tests/EVM_pEnd_distance/compatibility.json,0,13.370087630000057,-0.8998285726949962,5.388934989990871e-05,F[27]: j0p0MGALT: match point mass,Worst constraint exceeds source tolerance
script_constraint_tests/EarthMarsLikePointFreePointChemRendezvous_RPRconjunction,/repo/testatron/tests/script_constraint_tests/EarthMarsLikePointFreePointChemRendezvous_RPRconjunction.emtgopt,reviewable,unreviewed,/artifacts/cases/script_constraint_tests/EarthMarsLikePointFreePointChemRendezvous_RPRconjunction/EarthMarsLikePointFreePointChemRendezvous_RPRconjunction.emtgopt,/artifacts/cases/script_constraint_tests/EarthMarsLikePointFreePointChemRendezvous_RPRconjunction/FAILURE_EarthMarsLikePointFreePointChemRendezvous_RPRconjunction.emtg,/artifacts/cases/script_constraint_tests/EarthMarsLikePointFreePointChemRendezvous_RPRconjunction/comparison.csv,/artifacts/cases/script_constraint_tests/EarthMarsLikePointFreePointChemRendezvous_RPRconjunction/run.log,/artifacts/cases/script_constraint_tests/EarthMarsLikePointFreePointChemRendezvous_RPRconjunction/compatibility.json,0,15.822724215999983,-0.4711270694828393,-0.00852775913368553,F[4]: j0p0MGALTFreePointChemRendezvous: Sun-Probe-Earth constraint,Ready for human review; not a promoted baseline
script_constraint_tests/EarthMarsLikePointFreePointChemRendezvous_RRPconjunction,/repo/testatron/tests/script_constraint_tests/EarthMarsLikePointFreePointChemRendezvous_RRPconjunction.emtgopt,infeasible,unreviewed,/artifacts/cases/script_constraint_tests/EarthMarsLikePointFreePointChemRendezvous_RRPconjunction/EarthMarsLikePointFreePointChemRendezvous_RRPconjunction.emtgopt,/artifacts/cases/script_constraint_tests/EarthMarsLikePointFreePointChemRendezvous_RRPconjunction/FAILURE_EarthMarsLikePointFreePointChemRendezvous_RRPconjunction.emtg,/artifacts/cases/script_constraint_tests/EarthMarsLikePointFreePointChemRendezvous_RRPconjunction/comparison.csv,/artifacts/cases/script_constraint_tests/EarthMarsLikePointFreePointChemRendezvous_RRPconjunction/run.log,/artifacts/cases/script_constraint_tests/EarthMarsLikePointFreePointChemRendezvous_RRPconjunction/compatibility.json,0,0.5224805420000393,-0.7943948644389521,2.361014844477016,F[25]: j0p0MGALT: match point x,Worst constraint exceeds source tolerance
script_constraint_tests/EarthMars_RPRangle_force_conjunction,/repo/testatron/tests/script_constraint_tests/EarthMars_RPRangle_force_conjunction.emtgopt,reviewable,unreviewed,/artifacts/cases/script_constraint_tests/EarthMars_RPRangle_force_conjunction/EarthMars_RPRangle_force_conjunction.emtgopt,/artifacts/cases/script_constraint_tests/EarthMars_RPRangle_force_conjunction/FAILURE_EarthMars_RPRangle_force_conjunction.emtg,/artifacts/cases/script_constraint_tests/EarthMars_RPRangle_force_conjunction/comparison.csv,/artifacts/cases/script_constraint_tests/EarthMars_RPRangle_force_conjunction/run.log,/artifacts/cases/script_constraint_tests/EarthMars_RPRangle_force_conjunction/compatibility.json,0,0.7226320830000077,-0.5016220673462872,-46685.58374828511,F[27]: j0p0MGALT: match point zdot,Ready for human review; not a promoted baseline
script_constraint_tests/EarthMars_RRPangle_force_conjunction,/repo/testatron/tests/script_constraint_tests/EarthMars_RRPangle_force_conjunction.emtgopt,infeasible,unreviewed,/artifacts/cases/script_constraint_tests/EarthMars_RRPangle_force_conjunction/EarthMars_RRPangle_force_conjunction.emtgopt,/artifacts/cases/script_constraint_tests/EarthMars_RRPangle_force_conjunction/FAILURE_EarthMars_RRPangle_force_conjunction.emtg,/artifacts/cases/script_constraint_tests/EarthMars_RRPangle_force_conjunction/comparison.csv,/artifacts/cases/script_constraint_tests/EarthMars_RRPangle_force_conjunction/run.log,/artifacts/cases/script_constraint_tests/EarthMars_RRPangle_force_conjunction/compatibility.json,0,0.7864570420000518,-0.9236881221795196,6300.9905181311615,F[26]: j0p0MGALT: match point ydot,Worst constraint exceeds source tolerance
script_constraint_tests/ShuttlePark_to_Molniya,/repo/testatron/tests/script_constraint_tests/ShuttlePark_to_Molniya.emtgopt,reviewable,unreviewed,/artifacts/cases/script_constraint_tests/ShuttlePark_to_Molniya/ShuttlePark_to_Molniya.emtgopt,/artifacts/cases/script_constraint_tests/ShuttlePark_to_Molniya/ShuttlePark_to_Molniya.emtg,/artifacts/cases/script_constraint_tests/ShuttlePark_to_Molniya/comparison.csv,/artifacts/cases/script_constraint_tests/ShuttlePark_to_Molniya/run.log,/artifacts/cases/script_constraint_tests/ShuttlePark_to_Molniya/compatibility.json,0,3.2328867940000237,4.0551738051078425,2.134976658538e-07,F[4]: j0p0MGAnDSMsFreePointChemRendezvous: virtual chemical fuel constraint,Ready for human review; not a promoted baseline
solver_options/solveroptions_ACEfeasibility,/repo/testatron/tests/solver_options/solveroptions_ACEfeasibility.emtgopt,infeasible,unreviewed,/artifacts/cases/solver_options/solveroptions_ACEfeasibility/solveroptions_ACEfeasibility.emtgopt,/artifacts/cases/solver_options/solveroptions_ACEfeasibility/solveroptions_ACEfeasibility.emtg,/artifacts/cases/solver_options/solveroptions_ACEfeasibility/comparison.csv,/artifacts/cases/solver_options/solveroptions_ACEfeasibility/run.log,/artifacts/cases/solver_options/solveroptions_ACEfeasibility/compatibility.json,0,297.07044638699995,-0.6125869565583836,0.03888846471277142,F[22]: j0p0MGALT: match point x,Worst constraint exceeds source tolerance
solver_options/solveroptions_MBH_RNG_seed,/repo/testatron/tests/solver_options/solveroptions_MBH_RNG_seed.emtgopt,reviewable,unreviewed,/artifacts/cases/solver_options/solveroptions_MBH_RNG_seed/solveroptions_MBH_RNG_seed.emtgopt,/artifacts/cases/solver_options/solveroptions_MBH_RNG_seed/solveroptions_MBH_RNG_seed.emtg,/artifacts/cases/solver_options/solveroptions_MBH_RNG_seed/comparison.csv,/artifacts/cases/solver_options/solveroptions_MBH_RNG_seed/run.log,/artifacts/cases/solver_options/solveroptions_MBH_RNG_seed/compatibility.json,0,57.61894865199997,-0.6300681885971533,6.00950250395621e-06,F[28]: j0p0MGALT: match point mass,Ready for human review; not a promoted baseline
solver_options/solveroptions_NLPstepsub1,/repo/testatron/tests/solver_options/solveroptions_NLPstepsub1.emtgopt,reviewable,unreviewed,/artifacts/cases/solver_options/solveroptions_NLPstepsub1/solveroptions_NLPstepsub1.emtgopt,/artifacts/cases/solver_options/solveroptions_NLPstepsub1/solveroptions_NLPstepsub1.emtg,/artifacts/cases/solver_options/solveroptions_NLPstepsub1/comparison.csv,/artifacts/cases/solver_options/solveroptions_NLPstepsub1/run.log,/artifacts/cases/solver_options/solveroptions_NLPstepsub1/compatibility.json,0,44.64338364599985,-0.6300729298926792,6.64091213288345e-06,F[23]: j0p0MGALT: match point y,Ready for human review; not a promoted baseline
solver_options/solveroptions_noChaperone,/repo/testatron/tests/solver_options/solveroptions_noChaperone.emtgopt,reviewable,unreviewed,/artifacts/cases/solver_options/solveroptions_noChaperone/solveroptions_noChaperone.emtgopt,/artifacts/cases/solver_options/solveroptions_noChaperone/solveroptions_noChaperone.emtg,/artifacts/cases/solver_options/solveroptions_noChaperone/comparison.csv,/artifacts/cases/solver_options/solveroptions_noChaperone/run.log,/artifacts/cases/solver_options/solveroptions_noChaperone/compatibility.json,0,28.12320988800002,-0.6300695448764652,7.39783555065401e-06,F[23]: j0p0MGALT: match point y,Ready for human review; not a promoted baseline
solver_options/solveroptions_skip1stNLP,/repo/testatron/tests/solver_options/solveroptions_skip1stNLP.emtgopt,reviewable,unreviewed,/artifacts/cases/solver_options/solveroptions_skip1stNLP/solveroptions_skip1stNLP.emtgopt,/artifacts/cases/solver_options/solveroptions_skip1stNLP/solveroptions_skip1stNLP.emtg,/artifacts/cases/solver_options/solveroptions_skip1stNLP/comparison.csv,/artifacts/cases/solver_options/solveroptions_skip1stNLP/run.log,/artifacts/cases/solver_options/solveroptions_skip1stNLP/compatibility.json,0,44.38124056200013,-0.6300701919324112,7.77486527926961e-06,F[28]: j0p0MGALT: match point mass,Ready for human review; not a promoted baseline
spacecraft_options/Earth_to_SmallBody_SAM_RTG,/repo/testatron/tests/spacecraft_options/Earth_to_SmallBody_SAM_RTG.emtgopt,parse_failed,unreviewed,/artifacts/cases/spacecraft_options/Earth_to_SmallBody_SAM_RTG/Earth_to_SmallBody_SAM_RTG.emtgopt,,,/artifacts/cases/spacecraft_options/Earth_to_SmallBody_SAM_RTG/run.log,/artifacts/cases/spacecraft_options/Earth_to_SmallBody_SAM_RTG/compatibility.json,0,2.7987002510001275,,,,EMTG produced no .emtg result
spacecraft_options/Earth_to_SmallBody_SAM_solar_power,/repo/testatron/tests/spacecraft_options/Earth_to_SmallBody_SAM_solar_power.emtgopt,parse_failed,unreviewed,/artifacts/cases/spacecraft_options/Earth_to_SmallBody_SAM_solar_power/Earth_to_SmallBody_SAM_solar_power.emtgopt,,,/artifacts/cases/spacecraft_options/Earth_to_SmallBody_SAM_solar_power/run.log,/artifacts/cases/spacecraft_options/Earth_to_SmallBody_SAM_solar_power/compatibility.json,0,2.4677717510001003,,,,EMTG produced no .emtg result
spacecraft_options/default_SCfile_PM,/repo/testatron/tests/spacecraft_options/default_SCfile_PM.emtgopt,reviewable,unreviewed,/artifacts/cases/spacecraft_options/default_SCfile_PM/default_SCfile_PM.emtgopt,/artifacts/cases/spacecraft_options/default_SCfile_PM/default_SCfile_PM.emtg,/artifacts/cases/spacecraft_options/default_SCfile_PM/comparison.csv,/artifacts/cases/spacecraft_options/default_SCfile_PM/run.log,/artifacts/cases/spacecraft_options/default_SCfile_PM/compatibility.json,0,3.7572987099999864,-0.9172882514741713,7.34916090241e-07,F[27]: j0p0MGALT: match point mass,Ready for human review; not a promoted baseline
spacecraft_options/spacecraft_LT_multiStage_spacecraftFile,/repo/testatron/tests/spacecraft_options/spacecraft_LT_multiStage_spacecraftFile.emtgopt,reviewable,unreviewed,/artifacts/cases/spacecraft_options/spacecraft_LT_multiStage_spacecraftFile/spacecraft_LT_multiStage_spacecraftFile.emtgopt,/artifacts/cases/spacecraft_options/spacecraft_LT_multiStage_spacecraftFile/FAILURE_spacecraft_LT_multiStage_spacecraftFile.emtg,/artifacts/cases/spacecraft_options/spacecraft_LT_multiStage_spacecraftFile/comparison.csv,/artifacts/cases/spacecraft_options/spacecraft_LT_multiStage_spacecraftFile/run.log,/artifacts/cases/spacecraft_options/spacecraft_LT_multiStage_spacecraftFile/compatibility.json,0,5.205033626999921,-0.018516087926398507,-1.887424485861285e-05,F[54]: j1p0MGALT: match point y,Ready for human review; not a promoted baseline
spacecraft_options/spacecraft_LT_powerFile,/repo/testatron/tests/spacecraft_options/spacecraft_LT_powerFile.emtgopt,reviewable,unreviewed,/artifacts/cases/spacecraft_options/spacecraft_LT_powerFile/spacecraft_LT_powerFile.emtgopt,/artifacts/cases/spacecraft_options/spacecraft_LT_powerFile/spacecraft_LT_powerFile.emtg,/artifacts/cases/spacecraft_options/spacecraft_LT_powerFile/comparison.csv,/artifacts/cases/spacecraft_options/spacecraft_LT_powerFile/run.log,/artifacts/cases/spacecraft_options/spacecraft_LT_powerFile/compatibility.json,0,1.933818667999958,-0.15318165252441718,7.4675670269642e-07,F[2]: j0p0MGALT: step 0 control magnitude,Ready for human review; not a promoted baseline
spacecraft_options/spacecraft_LT_propFile,/repo/testatron/tests/spacecraft_options/spacecraft_LT_propFile.emtgopt,reviewable,unreviewed,/artifacts/cases/spacecraft_options/spacecraft_LT_propFile/spacecraft_LT_propFile.emtgopt,/artifacts/cases/spacecraft_options/spacecraft_LT_propFile/spacecraft_LT_propFile.emtg,/artifacts/cases/spacecraft_options/spacecraft_LT_propFile/comparison.csv,/artifacts/cases/spacecraft_options/spacecraft_LT_propFile/run.log,/artifacts/cases/spacecraft_options/spacecraft_LT_propFile/compatibility.json,0,2.2858655850000105,-0.10613911788847052,-5.08387125255903e-06,F[23]: j0p0MGALT: match point y,Ready for human review; not a promoted baseline
spacecraft_options/spacecraft_LT_spacecraftFile,/repo/testatron/tests/spacecraft_options/spacecraft_LT_spacecraftFile.emtgopt,reviewable,unreviewed,/artifacts/cases/spacecraft_options/spacecraft_LT_spacecraftFile/spacecraft_LT_spacecraftFile.emtgopt,/artifacts/cases/spacecraft_options/spacecraft_LT_spacecraftFile/FAILURE_spacecraft_LT_spacecraftFile.emtg,/artifacts/cases/spacecraft_options/spacecraft_LT_spacecraftFile/comparison.csv,/artifacts/cases/spacecraft_options/spacecraft_LT_spacecraftFile/run.log,/artifacts/cases/spacecraft_options/spacecraft_LT_spacecraftFile/compatibility.json,0,3.1941975009999624,-0.1808805496946292,-0.0004705045701465423,F[22]: j0p0MGALT: match point x,Ready for human review; not a promoted baseline
spacecraft_options/spacecraftoptions_Chem_TrackACSProp,/repo/testatron/tests/spacecraft_options/spacecraftoptions_Chem_TrackACSProp.emtgopt,reviewable,unreviewed,/artifacts/cases/spacecraft_options/spacecraftoptions_Chem_TrackACSProp/spacecraftoptions_Chem_TrackACSProp.emtgopt,/artifacts/cases/spacecraft_options/spacecraftoptions_Chem_TrackACSProp/spacecraftoptions_Chem_TrackACSProp.emtg,/artifacts/cases/spacecraft_options/spacecraftoptions_Chem_TrackACSProp/comparison.csv,/artifacts/cases/spacecraft_options/spacecraftoptions_Chem_TrackACSProp/run.log,/artifacts/cases/spacecraft_options/spacecraftoptions_Chem_TrackACSProp/compatibility.json,0,1.0261262930000612,-0.4088862070027368,8.19266041457817e-06,F[8]: j0p0MGAnDSMs: match point mass,Ready for human review; not a promoted baseline
spacecraft_options/spacecraftoptions_Chemmargin,/repo/testatron/tests/spacecraft_options/spacecraftoptions_Chemmargin.emtgopt,reviewable,unreviewed,/artifacts/cases/spacecraft_options/spacecraftoptions_Chemmargin/spacecraftoptions_Chemmargin.emtgopt,/artifacts/cases/spacecraft_options/spacecraftoptions_Chemmargin/spacecraftoptions_Chemmargin.emtg,/artifacts/cases/spacecraft_options/spacecraftoptions_Chemmargin/comparison.csv,/artifacts/cases/spacecraft_options/spacecraftoptions_Chemmargin/run.log,/artifacts/cases/spacecraft_options/spacecraftoptions_Chemmargin/compatibility.json,0,0.9918485420000707,-0.0017311507470991103,8.58228252052056e-06,F[3]: j0p0MGAnDSMs: match point x,Ready for human review; not a promoted baseline
spacecraft_options/spacecraftoptions_LT_Emargin,/repo/testatron/tests/spacecraft_options/spacecraftoptions_LT_Emargin.emtgopt,reviewable,unreviewed,/artifacts/cases/spacecraft_options/spacecraftoptions_LT_Emargin/spacecraftoptions_LT_Emargin.emtgopt,/artifacts/cases/spacecraft_options/spacecraftoptions_LT_Emargin/spacecraftoptions_LT_Emargin.emtg,/artifacts/cases/spacecraft_options/spacecraftoptions_LT_Emargin/comparison.csv,/artifacts/cases/spacecraft_options/spacecraftoptions_LT_Emargin/run.log,/artifacts/cases/spacecraft_options/spacecraftoptions_LT_Emargin/compatibility.json,0,0.7867314589998387,-0.46339957971915824,5.01421556786674e-06,F[2]: j0p0MGALT: step 0 control magnitude,Ready for human review; not a promoted baseline
spacecraft_options/spacecraftoptions_LT_ThrotMaxThrusters,/repo/testatron/tests/spacecraft_options/spacecraftoptions_LT_ThrotMaxThrusters.emtgopt,reviewable,unreviewed,/artifacts/cases/spacecraft_options/spacecraftoptions_LT_ThrotMaxThrusters/spacecraftoptions_LT_ThrotMaxThrusters.emtgopt,/artifacts/cases/spacecraft_options/spacecraftoptions_LT_ThrotMaxThrusters/spacecraftoptions_LT_ThrotMaxThrusters.emtg,/artifacts/cases/spacecraft_options/spacecraftoptions_LT_ThrotMaxThrusters/comparison.csv,/artifacts/cases/spacecraft_options/spacecraftoptions_LT_ThrotMaxThrusters/run.log,/artifacts/cases/spacecraft_options/spacecraftoptions_LT_ThrotMaxThrusters/compatibility.json,0,0.8840524180000102,-0.41887323664179543,5.9986329207721e-06,F[28]: j0p0MGALT: match point mass,Ready for human review; not a promoted baseline
spacecraft_options/spacecraftoptions_LT_ThrotMinThrusters,/repo/testatron/tests/spacecraft_options/spacecraftoptions_LT_ThrotMinThrusters.emtgopt,reviewable,unreviewed,/artifacts/cases/spacecraft_options/spacecraftoptions_LT_ThrotMinThrusters/spacecraftoptions_LT_ThrotMinThrusters.emtgopt,/artifacts/cases/spacecraft_options/spacecraftoptions_LT_ThrotMinThrusters/spacecraftoptions_LT_ThrotMinThrusters.emtg,/artifacts/cases/spacecraft_options/spacecraftoptions_LT_ThrotMinThrusters/comparison.csv,/artifacts/cases/spacecraft_options/spacecraftoptions_LT_ThrotMinThrusters/run.log,/artifacts/cases/spacecraft_options/spacecraftoptions_LT_ThrotMinThrusters/compatibility.json,0,0.9228610000000117,-0.4188669072779975,-8.40885693623861e-06,F[30]: j0p0MGALT: match point virtual electric propellant,Ready for human review; not a promoted baseline
spacecraft_options/spacecraftoptions_LT_ThrotSharpness,/repo/testatron/tests/spacecraft_options/spacecraftoptions_LT_ThrotSharpness.emtgopt,reviewable,unreviewed,/artifacts/cases/spacecraft_options/spacecraftoptions_LT_ThrotSharpness/spacecraftoptions_LT_ThrotSharpness.emtgopt,/artifacts/cases/spacecraft_options/spacecraftoptions_LT_ThrotSharpness/spacecraftoptions_LT_ThrotSharpness.emtg,/artifacts/cases/spacecraft_options/spacecraftoptions_LT_ThrotSharpness/comparison.csv,/artifacts/cases/spacecraft_options/spacecraftoptions_LT_ThrotSharpness/run.log,/artifacts/cases/spacecraft_options/spacecraftoptions_LT_ThrotSharpness/compatibility.json,0,0.6701090420001492,-0.46339735174566327,2.42172420976884e-06,F[23]: j0p0MGALT: match point y,Ready for human review; not a promoted baseline
spacecraft_options/spacecraftoptions_LT_TrackACSProp,/repo/testatron/tests/spacecraft_options/spacecraftoptions_LT_TrackACSProp.emtgopt,reviewable,unreviewed,/artifacts/cases/spacecraft_options/spacecraftoptions_LT_TrackACSProp/spacecraftoptions_LT_TrackACSProp.emtgopt,/artifacts/cases/spacecraft_options/spacecraftoptions_LT_TrackACSProp/spacecraftoptions_LT_TrackACSProp.emtg,/artifacts/cases/spacecraft_options/spacecraftoptions_LT_TrackACSProp/comparison.csv,/artifacts/cases/spacecraft_options/spacecraftoptions_LT_TrackACSProp/run.log,/artifacts/cases/spacecraft_options/spacecraftoptions_LT_TrackACSProp/compatibility.json,0,0.6732331250000243,-0.4535614066911309,2.33094190463439e-06,F[23]: j0p0MGALT: match point y,Ready for human review; not a promoted baseline
spacecraft_options/spacecraftoptions_LT_eng0,/repo/testatron/tests/spacecraft_options/spacecraftoptions_LT_eng0.emtgopt,reviewable,unreviewed,/artifacts/cases/spacecraft_options/spacecraftoptions_LT_eng0/spacecraftoptions_LT_eng0.emtgopt,/artifacts/cases/spacecraft_options/spacecraftoptions_LT_eng0/spacecraftoptions_LT_eng0.emtg,/artifacts/cases/spacecraft_options/spacecraftoptions_LT_eng0/comparison.csv,/artifacts/cases/spacecraft_options/spacecraftoptions_LT_eng0/run.log,/artifacts/cases/spacecraft_options/spacecraftoptions_LT_eng0/compatibility.json,0,0.6703409589999865,-0.49406337645816106,8.8129312603158e-07,F[14]: j0p0MGALT: step 12 control magnitude,Ready for human review; not a promoted baseline
spacecraft_options/spacecraftoptions_LT_eng3,/repo/testatron/tests/spacecraft_options/spacecraftoptions_LT_eng3.emtgopt,reviewable,unreviewed,/artifacts/cases/spacecraft_options/spacecraftoptions_LT_eng3/spacecraftoptions_LT_eng3.emtgopt,/artifacts/cases/spacecraft_options/spacecraftoptions_LT_eng3/spacecraftoptions_LT_eng3.emtg,/artifacts/cases/spacecraft_options/spacecraftoptions_LT_eng3/comparison.csv,/artifacts/cases/spacecraft_options/spacecraftoptions_LT_eng3/run.log,/artifacts/cases/spacecraft_options/spacecraftoptions_LT_eng3/compatibility.json,0,0.6713002090000373,-0.441046181064345,4.14128104275768e-06,F[3]: j0p0MGALT: step 1 control magnitude,Ready for human review; not a promoted baseline
spacecraft_options/spacecraftoptions_LT_eng3_polyArray,/repo/testatron/tests/spacecraft_options/spacecraftoptions_LT_eng3_polyArray.emtgopt,reviewable,unreviewed,/artifacts/cases/spacecraft_options/spacecraftoptions_LT_eng3_polyArray/spacecraftoptions_LT_eng3_polyArray.emtgopt,/artifacts/cases/spacecraft_options/spacecraftoptions_LT_eng3_polyArray/spacecraftoptions_LT_eng3_polyArray.emtg,/artifacts/cases/spacecraft_options/spacecraftoptions_LT_eng3_polyArray/comparison.csv,/artifacts/cases/spacecraft_options/spacecraftoptions_LT_eng3_polyArray/run.log,/artifacts/cases/spacecraft_options/spacecraftoptions_LT_eng3_polyArray/compatibility.json,0,0.8739556670000184,-0.4495419489118197,2.03215891383373e-06,F[28]: j0p0MGALT: match point mass,Ready for human review; not a promoted baseline
spacecraft_options/spacecraftoptions_LT_eng3_powmod1,/repo/testatron/tests/spacecraft_options/spacecraftoptions_LT_eng3_powmod1.emtgopt,reviewable,unreviewed,/artifacts/cases/spacecraft_options/spacecraftoptions_LT_eng3_powmod1/spacecraftoptions_LT_eng3_powmod1.emtgopt,/artifacts/cases/spacecraft_options/spacecraftoptions_LT_eng3_powmod1/spacecraftoptions_LT_eng3_powmod1.emtg,/artifacts/cases/spacecraft_options/spacecraftoptions_LT_eng3_powmod1/comparison.csv,/artifacts/cases/spacecraft_options/spacecraftoptions_LT_eng3_powmod1/run.log,/artifacts/cases/spacecraft_options/spacecraftoptions_LT_eng3_powmod1/compatibility.json,0,0.6775577509999948,-0.45572610774849376,1.9361708505361e-06,F[2]: j0p0MGALT: step 0 control magnitude,Ready for human review; not a promoted baseline
spacecraft_options/spacecraftoptions_LT_eng5,/repo/testatron/tests/spacecraft_options/spacecraftoptions_LT_eng5.emtgopt,reviewable,unreviewed,/artifacts/cases/spacecraft_options/spacecraftoptions_LT_eng5/spacecraftoptions_LT_eng5.emtgopt,/artifacts/cases/spacecraft_options/spacecraftoptions_LT_eng5/spacecraftoptions_LT_eng5.emtg,/artifacts/cases/spacecraft_options/spacecraftoptions_LT_eng5/comparison.csv,/artifacts/cases/spacecraft_options/spacecraftoptions_LT_eng5/run.log,/artifacts/cases/spacecraft_options/spacecraftoptions_LT_eng5/compatibility.json,0,0.8782900840001275,-0.4188756297240838,9.09462688746211e-06,F[28]: j0p0MGALT: match point mass,Ready for human review; not a promoted baseline
spacecraft_options/spacecraftoptions_LT_maxEprop,/repo/testatron/tests/spacecraft_options/spacecraftoptions_LT_maxEprop.emtgopt,reviewable,unreviewed,/artifacts/cases/spacecraft_options/spacecraftoptions_LT_maxEprop/spacecraftoptions_LT_maxEprop.emtgopt,/artifacts/cases/spacecraft_options/spacecraftoptions_LT_maxEprop/spacecraftoptions_LT_maxEprop.emtg,/artifacts/cases/spacecraft_options/spacecraftoptions_LT_maxEprop/comparison.csv,/artifacts/cases/spacecraft_options/spacecraftoptions_LT_maxEprop/run.log,/artifacts/cases/spacecraft_options/spacecraftoptions_LT_maxEprop/compatibility.json,0,0.7274600839998584,-0.46339957971915824,5.01421556786674e-06,F[2]: j0p0MGALT: step 0 control magnitude,Ready for human review; not a promoted baseline
spacecraft_options/spacecraftoptions_LT_powdecay,/repo/testatron/tests/spacecraft_options/spacecraftoptions_LT_powdecay.emtgopt,reviewable,unreviewed,/artifacts/cases/spacecraft_options/spacecraftoptions_LT_powdecay/spacecraftoptions_LT_powdecay.emtgopt,/artifacts/cases/spacecraft_options/spacecraftoptions_LT_powdecay/spacecraftoptions_LT_powdecay.emtg,/artifacts/cases/spacecraft_options/spacecraftoptions_LT_powdecay/comparison.csv,/artifacts/cases/spacecraft_options/spacecraftoptions_LT_powdecay/run.log,/artifacts/cases/spacecraft_options/spacecraftoptions_LT_powdecay/compatibility.json,0,0.6690515000000232,-0.47601689083028914,6.80838096056569e-06,F[7]: j0p0MGALT: step 5 control magnitude,Ready for human review; not a promoted baseline
spacecraft_options/spacecraftoptions_LT_powsrc0,/repo/testatron/tests/spacecraft_options/spacecraftoptions_LT_powsrc0.emtgopt,reviewable,unreviewed,/artifacts/cases/spacecraft_options/spacecraftoptions_LT_powsrc0/spacecraftoptions_LT_powsrc0.emtgopt,/artifacts/cases/spacecraft_options/spacecraftoptions_LT_powsrc0/spacecraftoptions_LT_powsrc0.emtg,/artifacts/cases/spacecraft_options/spacecraftoptions_LT_powsrc0/comparison.csv,/artifacts/cases/spacecraft_options/spacecraftoptions_LT_powsrc0/run.log,/artifacts/cases/spacecraft_options/spacecraftoptions_LT_powsrc0/compatibility.json,0,0.6713115000000016,-0.513335042214078,8.30891872815195e-06,F[28]: j0p0MGALT: match point mass,Ready for human review; not a promoted baseline
spacecraft_options/spacecraftoptions_LV_FixedInitMass,/repo/testatron/tests/spacecraft_options/spacecraftoptions_LV_FixedInitMass.emtgopt,parse_failed,unreviewed,/artifacts/cases/spacecraft_options/spacecraftoptions_LV_FixedInitMass/spacecraftoptions_LV_FixedInitMass.emtgopt,,,/artifacts/cases/spacecraft_options/spacecraftoptions_LV_FixedInitMass/run.log,/artifacts/cases/spacecraft_options/spacecraftoptions_LV_FixedInitMass/compatibility.json,0,0.47357804200009923,,,,EMTG produced no .emtg result
spacecraft_options/spacecraftoptions_LVmargin,/repo/testatron/tests/spacecraft_options/spacecraftoptions_LVmargin.emtgopt,reviewable,unreviewed,/artifacts/cases/spacecraft_options/spacecraftoptions_LVmargin/spacecraftoptions_LVmargin.emtgopt,/artifacts/cases/spacecraft_options/spacecraftoptions_LVmargin/FAILURE_spacecraftoptions_LVmargin.emtg,/artifacts/cases/spacecraft_options/spacecraftoptions_LVmargin/comparison.csv,/artifacts/cases/spacecraft_options/spacecraftoptions_LVmargin/run.log,/artifacts/cases/spacecraft_options/spacecraftoptions_LVmargin/compatibility.json,0,0.8282470419999299,-0.03172646663713944,-2.304609269647715e-05,F[6]: j0p0MGAnDSMs: match point ydot,Ready for human review; not a promoted baseline
spacecraft_options/spacecraftoptions_chemPropTankConstr,/repo/testatron/tests/spacecraft_options/spacecraftoptions_chemPropTankConstr.emtgopt,reviewable,unreviewed,/artifacts/cases/spacecraft_options/spacecraftoptions_chemPropTankConstr/spacecraftoptions_chemPropTankConstr.emtgopt,/artifacts/cases/spacecraft_options/spacecraftoptions_chemPropTankConstr/FAILURE_spacecraftoptions_chemPropTankConstr.emtg,/artifacts/cases/spacecraft_options/spacecraftoptions_chemPropTankConstr/comparison.csv,/artifacts/cases/spacecraft_options/spacecraftoptions_chemPropTankConstr/run.log,/artifacts/cases/spacecraft_options/spacecraftoptions_chemPropTankConstr/compatibility.json,0,0.8357950429999619,-0.06345285384386673,-2.27859109380603e-05,F[6]: j0p0MGAnDSMs: match point ydot,Ready for human review; not a promoted baseline
spacecraft_options/spacecraftoptions_dutyCycle,/repo/testatron/tests/spacecraft_options/spacecraftoptions_dutyCycle.emtgopt,reviewable,unreviewed,/artifacts/cases/spacecraft_options/spacecraftoptions_dutyCycle/spacecraftoptions_dutyCycle.emtgopt,/artifacts/cases/spacecraft_options/spacecraftoptions_dutyCycle/spacecraftoptions_dutyCycle.emtg,/artifacts/cases/spacecraft_options/spacecraftoptions_dutyCycle/comparison.csv,/artifacts/cases/spacecraft_options/spacecraftoptions_dutyCycle/run.log,/artifacts/cases/spacecraft_options/spacecraftoptions_dutyCycle/compatibility.json,0,26.871215929000073,-0.22482506318083276,3.6648436490502e-07,F[8]: j0p0PSFB_Step0: left match point zdot,Ready for human review; not a promoted baseline
spacecraft_options/spacecraftoptions_dutyCycleReal,/repo/testatron/tests/spacecraft_options/spacecraftoptions_dutyCycleReal.emtgopt,reviewable,unreviewed,/artifacts/cases/spacecraft_options/spacecraftoptions_dutyCycleReal/spacecraftoptions_dutyCycleReal.emtgopt,/artifacts/cases/spacecraft_options/spacecraftoptions_dutyCycleReal/spacecraftoptions_dutyCycleReal.emtg,/artifacts/cases/spacecraft_options/spacecraftoptions_dutyCycleReal/comparison.csv,/artifacts/cases/spacecraft_options/spacecraftoptions_dutyCycleReal/run.log,/artifacts/cases/spacecraft_options/spacecraftoptions_dutyCycleReal/compatibility.json,0,27.347044887000038,-0.16944837767799778,-1.36802174648673e-06,F[206]: j0p0PSFB_Step19: right match point ydot,Ready for human review; not a promoted baseline
spacecraft_options/spacecraftoptions_maxChemOx,/repo/testatron/tests/spacecraft_options/spacecraftoptions_maxChemOx.emtgopt,reviewable,unreviewed,/artifacts/cases/spacecraft_options/spacecraftoptions_maxChemOx/spacecraftoptions_maxChemOx.emtgopt,/artifacts/cases/spacecraft_options/spacecraftoptions_maxChemOx/FAILURE_spacecraftoptions_maxChemOx.emtg,/artifacts/cases/spacecraft_options/spacecraftoptions_maxChemOx/comparison.csv,/artifacts/cases/spacecraft_options/spacecraftoptions_maxChemOx/run.log,/artifacts/cases/spacecraft_options/spacecraftoptions_maxChemOx/compatibility.json,0,1.4218923760001871,-0.06345285384386673,-2.27859109347801e-05,F[6]: j0p0MGAnDSMs: match point ydot,Ready for human review; not a promoted baseline
spacecraft_options/spacecraftoptions_powMargin,/repo/testatron/tests/spacecraft_options/spacecraftoptions_powMargin.emtgopt,reviewable,unreviewed,/artifacts/cases/spacecraft_options/spacecraftoptions_powMargin/spacecraftoptions_powMargin.emtgopt,/artifacts/cases/spacecraft_options/spacecraftoptions_powMargin/spacecraftoptions_powMargin.emtg,/artifacts/cases/spacecraft_options/spacecraftoptions_powMargin/comparison.csv,/artifacts/cases/spacecraft_options/spacecraftoptions_powMargin/run.log,/artifacts/cases/spacecraft_options/spacecraftoptions_powMargin/compatibility.json,0,3.3867878769999606,-0.341820576988705,-8.71720973393084e-06,F[25]: j0p0MGALT: match point xdot,Ready for human review; not a promoted baseline
spacecraft_options/spacecraftoptions_varinitmass,/repo/testatron/tests/spacecraft_options/spacecraftoptions_varinitmass.emtgopt,parse_failed,unreviewed,/artifacts/cases/spacecraft_options/spacecraftoptions_varinitmass/spacecraftoptions_varinitmass.emtgopt,,,/artifacts/cases/spacecraft_options/spacecraftoptions_varinitmass/run.log,/artifacts/cases/spacecraft_options/spacecraftoptions_varinitmass/compatibility.json,0,0.574712166999916,,,,EMTG produced no .emtg result
state_representation_tests/FreePointArrival_IncomingBplaneRpTA_testatron,/repo/testatron/tests/state_representation_tests/FreePointArrival_IncomingBplaneRpTA_testatron.emtgopt,reviewable,unreviewed,/artifacts/cases/state_representation_tests/FreePointArrival_IncomingBplaneRpTA_testatron/FreePointArrival_IncomingBplaneRpTA_testatron.emtgopt,/artifacts/cases/state_representation_tests/FreePointArrival_IncomingBplaneRpTA_testatron/FAILURE_FreePointArrival_IncomingBplaneRpTA_testatron.emtg,/artifacts/cases/state_representation_tests/FreePointArrival_IncomingBplaneRpTA_testatron/comparison.csv,/artifacts/cases/state_representation_tests/FreePointArrival_IncomingBplaneRpTA_testatron/run.log,/artifacts/cases/state_representation_tests/FreePointArrival_IncomingBplaneRpTA_testatron/compatibility.json,0,0.6822483749999719,-0.2321686018620445,-0.0014067082844008074,F[47]: j0p3MGAnDSMs: match point x,Ready for human review; not a promoted baseline
state_representation_tests/FreePointArrival_OutgoingBplaneRpTA_testatron,/repo/testatron/tests/state_representation_tests/FreePointArrival_OutgoingBplaneRpTA_testatron.emtgopt,reviewable,unreviewed,/artifacts/cases/state_representation_tests/FreePointArrival_OutgoingBplaneRpTA_testatron/FreePointArrival_OutgoingBplaneRpTA_testatron.emtgopt,/artifacts/cases/state_representation_tests/FreePointArrival_OutgoingBplaneRpTA_testatron/FAILURE_FreePointArrival_OutgoingBplaneRpTA_testatron.emtg,/artifacts/cases/state_representation_tests/FreePointArrival_OutgoingBplaneRpTA_testatron/comparison.csv,/artifacts/cases/state_representation_tests/FreePointArrival_OutgoingBplaneRpTA_testatron/run.log,/artifacts/cases/state_representation_tests/FreePointArrival_OutgoingBplaneRpTA_testatron/compatibility.json,0,0.6720418750001045,-0.23217199938261648,-0.0014087390273281664,F[47]: j0p3MGAnDSMs: match point x,Ready for human review; not a promoted baseline
state_representation_tests/FreePointDeparture_IncomingBplaneRpTA_testatron,/repo/testatron/tests/state_representation_tests/FreePointDeparture_IncomingBplaneRpTA_testatron.emtgopt,reviewable,unreviewed,/artifacts/cases/state_representation_tests/FreePointDeparture_IncomingBplaneRpTA_testatron/FreePointDeparture_IncomingBplaneRpTA_testatron.emtgopt,/artifacts/cases/state_representation_tests/FreePointDeparture_IncomingBplaneRpTA_testatron/FreePointDeparture_IncomingBplaneRpTA_testatron.emtg,/artifacts/cases/state_representation_tests/FreePointDeparture_IncomingBplaneRpTA_testatron/comparison.csv,/artifacts/cases/state_representation_tests/FreePointDeparture_IncomingBplaneRpTA_testatron/run.log,/artifacts/cases/state_representation_tests/FreePointDeparture_IncomingBplaneRpTA_testatron/compatibility.json,0,0.41907812500016917,-1.0,3.36470915479565e-06,F[13]: j0p0MGAnDSMs: match point mass,Ready for human review; not a promoted baseline
state_representation_tests/FreePointDeparture_OutgoingBplaneRpTA_testatron,/repo/testatron/tests/state_representation_tests/FreePointDeparture_OutgoingBplaneRpTA_testatron.emtgopt,reviewable,unreviewed,/artifacts/cases/state_representation_tests/FreePointDeparture_OutgoingBplaneRpTA_testatron/FreePointDeparture_OutgoingBplaneRpTA_testatron.emtgopt,/artifacts/cases/state_representation_tests/FreePointDeparture_OutgoingBplaneRpTA_testatron/FreePointDeparture_OutgoingBplaneRpTA_testatron.emtg,/artifacts/cases/state_representation_tests/FreePointDeparture_OutgoingBplaneRpTA_testatron/comparison.csv,/artifacts/cases/state_representation_tests/FreePointDeparture_OutgoingBplaneRpTA_testatron/run.log,/artifacts/cases/state_representation_tests/FreePointDeparture_OutgoingBplaneRpTA_testatron/compatibility.json,0,0.4313435419999223,-1.0,3.36470915479565e-06,F[13]: j0p0MGAnDSMs: match point mass,Ready for human review; not a promoted baseline
state_representation_tests/PeriapseArrival_IncomingBplaneRpTA_testatron,/repo/testatron/tests/state_representation_tests/PeriapseArrival_IncomingBplaneRpTA_testatron.emtgopt,reviewable,unreviewed,/artifacts/cases/state_representation_tests/PeriapseArrival_IncomingBplaneRpTA_testatron/PeriapseArrival_IncomingBplaneRpTA_testatron.emtgopt,/artifacts/cases/state_representation_tests/PeriapseArrival_IncomingBplaneRpTA_testatron/FAILURE_PeriapseArrival_IncomingBplaneRpTA_testatron.emtg,/artifacts/cases/state_representation_tests/PeriapseArrival_IncomingBplaneRpTA_testatron/comparison.csv,/artifacts/cases/state_representation_tests/PeriapseArrival_IncomingBplaneRpTA_testatron/run.log,/artifacts/cases/state_representation_tests/PeriapseArrival_IncomingBplaneRpTA_testatron/compatibility.json,0,0.6734543330001088,-0.2322379152503542,-0.0013734349068293488,F[47]: j0p3MGAnDSMs: match point x,Ready for human review; not a promoted baseline
state_representation_tests/PeriapseArrival_OutgoingBplaneRpTA_testatron,/repo/testatron/tests/state_representation_tests/PeriapseArrival_OutgoingBplaneRpTA_testatron.emtgopt,reviewable,unreviewed,/artifacts/cases/state_representation_tests/PeriapseArrival_OutgoingBplaneRpTA_testatron/PeriapseArrival_OutgoingBplaneRpTA_testatron.emtgopt,/artifacts/cases/state_representation_tests/PeriapseArrival_OutgoingBplaneRpTA_testatron/FAILURE_PeriapseArrival_OutgoingBplaneRpTA_testatron.emtg,/artifacts/cases/state_representation_tests/PeriapseArrival_OutgoingBplaneRpTA_testatron/comparison.csv,/artifacts/cases/state_representation_tests/PeriapseArrival_OutgoingBplaneRpTA_testatron/run.log,/artifacts/cases/state_representation_tests/PeriapseArrival_OutgoingBplaneRpTA_testatron/compatibility.json,0,0.943737542000008,-0.2322379507867292,-0.0013702601170418546,F[47]: j0p3MGAnDSMs: match point x,Ready for human review; not a promoted baseline
transcription_tests/CoastPhase_EMintercept,/repo/testatron/tests/transcription_tests/CoastPhase_EMintercept.emtgopt,reviewable,unreviewed,/artifacts/cases/transcription_tests/CoastPhase_EMintercept/CoastPhase_EMintercept.emtgopt,/artifacts/cases/transcription_tests/CoastPhase_EMintercept/CoastPhase_EMintercept.emtg,/artifacts/cases/transcription_tests/CoastPhase_EMintercept/comparison.csv,/artifacts/cases/transcription_tests/CoastPhase_EMintercept/run.log,/artifacts/cases/transcription_tests/CoastPhase_EMintercept/compatibility.json,0,0.8787401239999326,-0.19835274086480728,-3.137701045694e-08,F[6]: j0p0CoastPhase: match point ydot,Ready for human review; not a promoted baseline
transcription_tests/FBLT_EMintercept,/repo/testatron/tests/transcription_tests/FBLT_EMintercept.emtgopt,reviewable,unreviewed,/artifacts/cases/transcription_tests/FBLT_EMintercept/FBLT_EMintercept.emtgopt,/artifacts/cases/transcription_tests/FBLT_EMintercept/FAILURE_FBLT_EMintercept.emtg,/artifacts/cases/transcription_tests/FBLT_EMintercept/comparison.csv,/artifacts/cases/transcription_tests/FBLT_EMintercept/run.log,/artifacts/cases/transcription_tests/FBLT_EMintercept/compatibility.json,0,63.24471323700004,-0.30885919868179246,-0.001193420536498773,F[23]: j0p0FBLT: match point y,Ready for human review; not a promoted baseline
transcription_tests/MGALT_EMintercept,/repo/testatron/tests/transcription_tests/MGALT_EMintercept.emtgopt,reviewable,unreviewed,/artifacts/cases/transcription_tests/MGALT_EMintercept/MGALT_EMintercept.emtgopt,/artifacts/cases/transcription_tests/MGALT_EMintercept/FAILURE_MGALT_EMintercept.emtg,/artifacts/cases/transcription_tests/MGALT_EMintercept/comparison.csv,/artifacts/cases/transcription_tests/MGALT_EMintercept/run.log,/artifacts/cases/transcription_tests/MGALT_EMintercept/compatibility.json,0,3.5915830019998793,-0.1808805496946292,-0.0004705045701465423,F[22]: j0p0MGALT: match point x,Ready for human review; not a promoted baseline
transcription_tests/MGAnDSMs_EMintercept,/repo/testatron/tests/transcription_tests/MGAnDSMs_EMintercept.emtgopt,reviewable,unreviewed,/artifacts/cases/transcription_tests/MGAnDSMs_EMintercept/MGAnDSMs_EMintercept.emtgopt,/artifacts/cases/transcription_tests/MGAnDSMs_EMintercept/MGAnDSMs_EMintercept.emtg,/artifacts/cases/transcription_tests/MGAnDSMs_EMintercept/comparison.csv,/artifacts/cases/transcription_tests/MGAnDSMs_EMintercept/run.log,/artifacts/cases/transcription_tests/MGAnDSMs_EMintercept/compatibility.json,0,4.894793044000153,-0.03446234866500046,-9.3420898525207e-07,F[2]: j0p0MGAnDSMs: match point x,Ready for human review; not a promoted baseline
transcription_tests/PSBI_EMintercept,/repo/testatron/tests/transcription_tests/PSBI_EMintercept.emtgopt,reviewable,unreviewed,/artifacts/cases/transcription_tests/PSBI_EMintercept/PSBI_EMintercept.emtgopt,/artifacts/cases/transcription_tests/PSBI_EMintercept/PSBI_EMintercept.emtg,/artifacts/cases/transcription_tests/PSBI_EMintercept/comparison.csv,/artifacts/cases/transcription_tests/PSBI_EMintercept/run.log,/artifacts/cases/transcription_tests/PSBI_EMintercept/compatibility.json,0,2.777374375999898,-0.3100481141787235,5.61465265864066e-06,F[189]: j0p0PSBI_Step18: left match point mass,Ready for human review; not a promoted baseline
transcription_tests/PSFB_EMintercept,/repo/testatron/tests/transcription_tests/PSFB_EMintercept.emtgopt,infeasible,unreviewed,/artifacts/cases/transcription_tests/PSFB_EMintercept/PSFB_EMintercept.emtgopt,/artifacts/cases/transcription_tests/PSFB_EMintercept/FAILURE_PSFB_EMintercept.emtg,/artifacts/cases/transcription_tests/PSFB_EMintercept/comparison.csv,/artifacts/cases/transcription_tests/PSFB_EMintercept/run.log,/artifacts/cases/transcription_tests/PSFB_EMintercept/compatibility.json,0,28.747701303999975,-0.21118031550414995,0.005877194781492014,F[6]: j0p0PSFB_Step0: left match point xdot,Worst constraint exceeds source tolerance
transcription_tests/SundmanCoastPhase_EMintercept,/repo/testatron/tests/transcription_tests/SundmanCoastPhase_EMintercept.emtgopt,reviewable,unreviewed,/artifacts/cases/transcription_tests/SundmanCoastPhase_EMintercept/SundmanCoastPhase_EMintercept.emtgopt,/artifacts/cases/transcription_tests/SundmanCoastPhase_EMintercept/FAILURE_SundmanCoastPhase_EMintercept.emtg,/artifacts/cases/transcription_tests/SundmanCoastPhase_EMintercept/comparison.csv,/artifacts/cases/transcription_tests/SundmanCoastPhase_EMintercept/run.log,/artifacts/cases/transcription_tests/SundmanCoastPhase_EMintercept/compatibility.json,0,11.522236630999942,-0.40845419301365704,-0.18772461921566394,F[5]: j0p0SundmanCoastPhase: match point xdot,Ready for human review; not a promoted baseline
